solid 
   facet normal -1.000000e+00 -0.000000e+00 0.000000e+00
      outer loop
         vertex 3.344754e+01 -5.495977e+01 1.860000e+01
         vertex 3.344754e+01 -5.495959e+01 1.860000e+01
         vertex 3.344754e+01 -5.495977e+01 1.360000e+01
      endloop
   endfacet
   facet normal -1.000000e+00 -0.000000e+00 0.000000e+00
      outer loop
         vertex 3.344754e+01 -5.495959e+01 1.860000e+01
         vertex 3.344754e+01 -5.335994e+01 1.860000e+01
         vertex 3.344754e+01 -5.495977e+01 1.360000e+01
      endloop
   endfacet
   facet normal -1.000000e+00 0.000000e+00 -0.000000e+00
      outer loop
         vertex 3.344754e+01 -5.495977e+01 1.360000e+01
         vertex 3.344754e+01 -5.335994e+01 1.860000e+01
         vertex 3.344754e+01 -5.245750e+01 1.360000e+01
      endloop
   endfacet
   facet normal -1.000000e+00 0.000000e+00 0.000000e+00
      outer loop
         vertex 3.344754e+01 -5.335994e+01 1.860000e+01
         vertex 3.344754e+01 -5.335994e+01 2.310000e+01
         vertex 3.344754e+01 -5.245750e+01 1.360000e+01
      endloop
   endfacet
   facet normal -1.000000e+00 0.000000e+00 0.000000e+00
      outer loop
         vertex 3.344754e+01 -5.245750e+01 1.360000e+01
         vertex 3.344754e+01 -5.335994e+01 2.310000e+01
         vertex 3.344754e+01 -5.245750e+01 2.310000e+01
      endloop
   endfacet
   facet normal -4.576887e-01 8.891125e-01 0.000000e+00
      outer loop
         vertex 3.377747e+01 -5.228766e+01 2.310000e+01
         vertex 3.377747e+01 -5.228766e+01 1.360000e+01
         vertex 3.344754e+01 -5.245750e+01 1.360000e+01
      endloop
   endfacet
   facet normal -4.576887e-01 8.891125e-01 0.000000e+00
      outer loop
         vertex 3.344754e+01 -5.245750e+01 2.310000e+01
         vertex 3.377747e+01 -5.228766e+01 2.310000e+01
         vertex 3.344754e+01 -5.245750e+01 1.360000e+01
      endloop
   endfacet
   facet normal -9.443961e-01 3.288101e-01 0.000000e+00
      outer loop
         vertex 3.389949e+01 -5.193721e+01 2.310000e+01
         vertex 3.389949e+01 -5.193721e+01 1.360000e+01
         vertex 3.377747e+01 -5.228766e+01 1.360000e+01
      endloop
   endfacet
   facet normal -9.443961e-01 3.288101e-01 0.000000e+00
      outer loop
         vertex 3.377747e+01 -5.228766e+01 2.310000e+01
         vertex 3.389949e+01 -5.193721e+01 2.310000e+01
         vertex 3.377747e+01 -5.228766e+01 1.360000e+01
      endloop
   endfacet
   facet normal -9.109107e-01 -4.126036e-01 0.000000e+00
      outer loop
         vertex 3.374638e+01 -5.159918e+01 2.310000e+01
         vertex 3.374638e+01 -5.159918e+01 1.360000e+01
         vertex 3.389949e+01 -5.193721e+01 1.360000e+01
      endloop
   endfacet
   facet normal -9.109107e-01 -4.126036e-01 0.000000e+00
      outer loop
         vertex 3.389949e+01 -5.193721e+01 2.310000e+01
         vertex 3.374638e+01 -5.159918e+01 2.310000e+01
         vertex 3.389949e+01 -5.193721e+01 1.360000e+01
      endloop
   endfacet
   facet normal -3.756777e-01 -9.267504e-01 0.000000e+00
      outer loop
         vertex 3.340248e+01 -5.145977e+01 2.310000e+01
         vertex 3.340248e+01 -5.145977e+01 1.360000e+01
         vertex 3.374638e+01 -5.159918e+01 1.360000e+01
      endloop
   endfacet
   facet normal -3.756777e-01 -9.267504e-01 0.000000e+00
      outer loop
         vertex 3.374638e+01 -5.159918e+01 2.310000e+01
         vertex 3.340248e+01 -5.145977e+01 2.310000e+01
         vertex 3.374638e+01 -5.159918e+01 1.360000e+01
      endloop
   endfacet
   facet normal 3.664849e-01 -9.304240e-01 0.000000e+00
      outer loop
         vertex 3.305721e+01 -5.159577e+01 2.310000e+01
         vertex 3.305721e+01 -5.159577e+01 1.360000e+01
         vertex 3.340248e+01 -5.145977e+01 1.360000e+01
      endloop
   endfacet
   facet normal 3.664849e-01 -9.304240e-01 0.000000e+00
      outer loop
         vertex 3.340248e+01 -5.145977e+01 2.310000e+01
         vertex 3.305721e+01 -5.159577e+01 2.310000e+01
         vertex 3.340248e+01 -5.145977e+01 1.360000e+01
      endloop
   endfacet
   facet normal 9.067779e-01 -4.216087e-01 0.000000e+00
      outer loop
         vertex 3.290076e+01 -5.193226e+01 2.310000e+01
         vertex 3.290076e+01 -5.193226e+01 1.360000e+01
         vertex 3.305721e+01 -5.159577e+01 1.360000e+01
      endloop
   endfacet
   facet normal 9.067779e-01 -4.216087e-01 0.000000e+00
      outer loop
         vertex 3.305721e+01 -5.159577e+01 2.310000e+01
         vertex 3.290076e+01 -5.193226e+01 2.310000e+01
         vertex 3.305721e+01 -5.159577e+01 1.360000e+01
      endloop
   endfacet
   facet normal 9.476046e-01 3.194456e-01 -0.000000e+00
      outer loop
         vertex 3.301930e+01 -5.228391e+01 2.310000e+01
         vertex 3.301930e+01 -5.228391e+01 1.360000e+01
         vertex 3.290076e+01 -5.193226e+01 1.360000e+01
      endloop
   endfacet
   facet normal 9.476046e-01 3.194456e-01 0.000000e+00
      outer loop
         vertex 3.290076e+01 -5.193226e+01 2.310000e+01
         vertex 3.301930e+01 -5.228391e+01 2.310000e+01
         vertex 3.290076e+01 -5.193226e+01 1.360000e+01
      endloop
   endfacet
   facet normal 4.664758e-01 8.845339e-01 -0.000000e+00
      outer loop
         vertex 3.334754e+01 -5.245701e+01 2.310000e+01
         vertex 3.334754e+01 -5.245701e+01 1.360000e+01
         vertex 3.301930e+01 -5.228391e+01 1.360000e+01
      endloop
   endfacet
   facet normal 4.664758e-01 8.845339e-01 0.000000e+00
      outer loop
         vertex 3.301930e+01 -5.228391e+01 2.310000e+01
         vertex 3.334754e+01 -5.245701e+01 2.310000e+01
         vertex 3.301930e+01 -5.228391e+01 1.360000e+01
      endloop
   endfacet
   facet normal 1.000000e+00 0.000000e+00 0.000000e+00
      outer loop
         vertex 3.334754e+01 -5.335994e+01 2.310000e+01
         vertex 3.334754e+01 -5.335994e+01 1.860000e+01
         vertex 3.334754e+01 -5.245701e+01 2.310000e+01
      endloop
   endfacet
   facet normal 1.000000e+00 0.000000e+00 0.000000e+00
      outer loop
         vertex 3.334754e+01 -5.495977e+01 1.860000e+01
         vertex 3.334754e+01 -5.495977e+01 1.360000e+01
         vertex 3.334754e+01 -5.495959e+01 1.860000e+01
      endloop
   endfacet
   facet normal 1.000000e+00 0.000000e+00 0.000000e+00
      outer loop
         vertex 3.334754e+01 -5.495959e+01 1.860000e+01
         vertex 3.334754e+01 -5.495977e+01 1.360000e+01
         vertex 3.334754e+01 -5.335994e+01 1.860000e+01
      endloop
   endfacet
   facet normal 1.000000e+00 0.000000e+00 0.000000e+00
      outer loop
         vertex 3.334754e+01 -5.495977e+01 1.360000e+01
         vertex 3.334754e+01 -5.245701e+01 1.360000e+01
         vertex 3.334754e+01 -5.335994e+01 1.860000e+01
      endloop
   endfacet
   facet normal 1.000000e+00 0.000000e+00 -0.000000e+00
      outer loop
         vertex 3.334754e+01 -5.335994e+01 1.860000e+01
         vertex 3.334754e+01 -5.245701e+01 1.360000e+01
         vertex 3.334754e+01 -5.245701e+01 2.310000e+01
      endloop
   endfacet
   facet normal -1.000000e+00 0.000000e+00 -0.000000e+00
      outer loop
         vertex -3.335000e+01 -5.495977e+01 1.360000e+01
         vertex -3.335000e+01 -5.495976e+01 1.860000e+01
         vertex -3.335000e+01 -5.245726e+01 1.360000e+01
      endloop
   endfacet
   facet normal -1.000000e+00 -0.000000e+00 -0.000000e+00
      outer loop
         vertex -3.335000e+01 -5.495976e+01 1.860000e+01
         vertex -3.335000e+01 -5.335977e+01 1.860000e+01
         vertex -3.335000e+01 -5.245726e+01 1.360000e+01
      endloop
   endfacet
   facet normal -1.000000e+00 0.000000e+00 0.000000e+00
      outer loop
         vertex -3.335000e+01 -5.245726e+01 1.360000e+01
         vertex -3.335000e+01 -5.335977e+01 1.860000e+01
         vertex -3.335000e+01 -5.245726e+01 2.310000e+01
      endloop
   endfacet
   facet normal -1.000000e+00 0.000000e+00 0.000000e+00
      outer loop
         vertex -3.335000e+01 -5.335977e+01 1.860000e+01
         vertex -3.335000e+01 -5.335977e+01 2.310000e+01
         vertex -3.335000e+01 -5.245726e+01 2.310000e+01
      endloop
   endfacet
   facet normal -4.620899e-01 8.868331e-01 0.000000e+00
      outer loop
         vertex -3.302091e+01 -5.228579e+01 2.310000e+01
         vertex -3.302091e+01 -5.228579e+01 1.360000e+01
         vertex -3.335000e+01 -5.245726e+01 1.360000e+01
      endloop
   endfacet
   facet normal -4.620899e-01 8.868331e-01 0.000000e+00
      outer loop
         vertex -3.335000e+01 -5.245726e+01 2.310000e+01
         vertex -3.302091e+01 -5.228579e+01 2.310000e+01
         vertex -3.335000e+01 -5.245726e+01 1.360000e+01
      endloop
   endfacet
   facet normal -9.460114e-01 3.241333e-01 0.000000e+00
      outer loop
         vertex -3.290063e+01 -5.193473e+01 2.310000e+01
         vertex -3.290063e+01 -5.193473e+01 1.360000e+01
         vertex -3.302091e+01 -5.228579e+01 1.360000e+01
      endloop
   endfacet
   facet normal -9.460114e-01 3.241333e-01 0.000000e+00
      outer loop
         vertex -3.302091e+01 -5.228579e+01 2.310000e+01
         vertex -3.290063e+01 -5.193473e+01 2.310000e+01
         vertex -3.302091e+01 -5.228579e+01 1.360000e+01
      endloop
   endfacet
   facet normal -9.088572e-01 -4.171074e-01 0.000000e+00
      outer loop
         vertex -3.305541e+01 -5.159747e+01 2.310000e+01
         vertex -3.305541e+01 -5.159747e+01 1.360000e+01
         vertex -3.290063e+01 -5.193473e+01 1.360000e+01
      endloop
   endfacet
   facet normal -9.088572e-01 -4.171074e-01 0.000000e+00
      outer loop
         vertex -3.290063e+01 -5.193473e+01 2.310000e+01
         vertex -3.305541e+01 -5.159747e+01 2.310000e+01
         vertex -3.290063e+01 -5.193473e+01 1.360000e+01
      endloop
   endfacet
   facet normal -3.710876e-01 -9.285979e-01 0.000000e+00
      outer loop
         vertex -3.340000e+01 -5.145977e+01 2.310000e+01
         vertex -3.340000e+01 -5.145977e+01 1.360000e+01
         vertex -3.305541e+01 -5.159747e+01 1.360000e+01
      endloop
   endfacet
   facet normal -3.710876e-01 -9.285979e-01 0.000000e+00
      outer loop
         vertex -3.305541e+01 -5.159747e+01 2.310000e+01
         vertex -3.340000e+01 -5.145977e+01 2.310000e+01
         vertex -3.305541e+01 -5.159747e+01 1.360000e+01
      endloop
   endfacet
   facet normal 3.710911e-01 -9.285965e-01 0.000000e+00
      outer loop
         vertex -3.374459e+01 -5.159747e+01 2.310000e+01
         vertex -3.374459e+01 -5.159747e+01 1.360000e+01
         vertex -3.340000e+01 -5.145977e+01 1.360000e+01
      endloop
   endfacet
   facet normal 3.710911e-01 -9.285965e-01 0.000000e+00
      outer loop
         vertex -3.340000e+01 -5.145977e+01 2.310000e+01
         vertex -3.374459e+01 -5.159747e+01 2.310000e+01
         vertex -3.340000e+01 -5.145977e+01 1.360000e+01
      endloop
   endfacet
   facet normal 9.088572e-01 -4.171074e-01 0.000000e+00
      outer loop
         vertex -3.389937e+01 -5.193473e+01 2.310000e+01
         vertex -3.389937e+01 -5.193473e+01 1.360000e+01
         vertex -3.374459e+01 -5.159747e+01 1.360000e+01
      endloop
   endfacet
   facet normal 9.088572e-01 -4.171074e-01 0.000000e+00
      outer loop
         vertex -3.374459e+01 -5.159747e+01 2.310000e+01
         vertex -3.389937e+01 -5.193473e+01 2.310000e+01
         vertex -3.374459e+01 -5.159747e+01 1.360000e+01
      endloop
   endfacet
   facet normal 9.460114e-01 3.241333e-01 -0.000000e+00
      outer loop
         vertex -3.377909e+01 -5.228579e+01 2.310000e+01
         vertex -3.377909e+01 -5.228579e+01 1.360000e+01
         vertex -3.389937e+01 -5.193473e+01 1.360000e+01
      endloop
   endfacet
   facet normal 9.460114e-01 3.241333e-01 0.000000e+00
      outer loop
         vertex -3.389937e+01 -5.193473e+01 2.310000e+01
         vertex -3.377909e+01 -5.228579e+01 2.310000e+01
         vertex -3.389937e+01 -5.193473e+01 1.360000e+01
      endloop
   endfacet
   facet normal 4.620899e-01 8.868331e-01 -0.000000e+00
      outer loop
         vertex -3.345000e+01 -5.245726e+01 2.310000e+01
         vertex -3.345000e+01 -5.245726e+01 1.360000e+01
         vertex -3.377909e+01 -5.228579e+01 1.360000e+01
      endloop
   endfacet
   facet normal 4.620899e-01 8.868331e-01 0.000000e+00
      outer loop
         vertex -3.377909e+01 -5.228579e+01 2.310000e+01
         vertex -3.345000e+01 -5.245726e+01 2.310000e+01
         vertex -3.377909e+01 -5.228579e+01 1.360000e+01
      endloop
   endfacet
   facet normal 1.000000e+00 0.000000e+00 0.000000e+00
      outer loop
         vertex -3.345000e+01 -5.335977e+01 2.310000e+01
         vertex -3.345000e+01 -5.335977e+01 1.860000e+01
         vertex -3.345000e+01 -5.245726e+01 2.310000e+01
      endloop
   endfacet
   facet normal 1.000000e+00 0.000000e+00 0.000000e+00
      outer loop
         vertex -3.345000e+01 -5.495976e+01 1.860000e+01
         vertex -3.345000e+01 -5.495977e+01 1.360000e+01
         vertex -3.345000e+01 -5.335977e+01 1.860000e+01
      endloop
   endfacet
   facet normal 1.000000e+00 0.000000e+00 0.000000e+00
      outer loop
         vertex -3.345000e+01 -5.495977e+01 1.360000e+01
         vertex -3.345000e+01 -5.245726e+01 1.360000e+01
         vertex -3.345000e+01 -5.335977e+01 1.860000e+01
      endloop
   endfacet
   facet normal 1.000000e+00 0.000000e+00 0.000000e+00
      outer loop
         vertex -3.345000e+01 -5.245726e+01 1.360000e+01
         vertex -3.345000e+01 -5.245726e+01 2.310000e+01
         vertex -3.345000e+01 -5.335977e+01 1.860000e+01
      endloop
   endfacet
   facet normal 0.000000e+00 -0.000000e+00 1.000000e+00
      outer loop
         vertex -3.550000e+01 -4.985977e+01 2.310000e+01
         vertex -3.374459e+01 -5.159747e+01 2.310000e+01
         vertex -3.090000e+01 -4.985977e+01 2.310000e+01
      endloop
   endfacet
   facet normal 0.000000e+00 -0.000000e+00 1.000000e+00
      outer loop
         vertex -3.374459e+01 -5.159747e+01 2.310000e+01
         vertex -3.340000e+01 -5.145977e+01 2.310000e+01
         vertex -3.090000e+01 -4.985977e+01 2.310000e+01
      endloop
   endfacet
   facet normal -0.000000e+00 0.000000e+00 1.000000e+00
      outer loop
         vertex -3.090000e+01 -4.985977e+01 2.310000e+01
         vertex -3.340000e+01 -5.145977e+01 2.310000e+01
         vertex -3.090000e+01 -5.175960e+01 2.310000e+01
      endloop
   endfacet
   facet normal -0.000000e+00 -0.000000e+00 1.000000e+00
      outer loop
         vertex -3.340000e+01 -5.145977e+01 2.310000e+01
         vertex -3.305541e+01 -5.159747e+01 2.310000e+01
         vertex -3.090000e+01 -5.175960e+01 2.310000e+01
      endloop
   endfacet
   facet normal 0.000000e+00 -0.000000e+00 1.000000e+00
      outer loop
         vertex -3.305541e+01 -5.159747e+01 2.310000e+01
         vertex -3.290063e+01 -5.193473e+01 2.310000e+01
         vertex -3.090000e+01 -5.175960e+01 2.310000e+01
      endloop
   endfacet
   facet normal 0.000000e+00 0.000000e+00 1.000000e+00
      outer loop
         vertex -3.290063e+01 -5.193473e+01 2.310000e+01
         vertex -3.302091e+01 -5.228579e+01 2.310000e+01
         vertex -3.090000e+01 -5.175960e+01 2.310000e+01
      endloop
   endfacet
   facet normal 0.000000e+00 0.000000e+00 1.000000e+00
      outer loop
         vertex -3.090000e+01 -5.175960e+01 2.310000e+01
         vertex -3.302091e+01 -5.228579e+01 2.310000e+01
         vertex 3.090000e+01 -5.175960e+01 2.310000e+01
      endloop
   endfacet
   facet normal 0.000000e+00 0.000000e+00 1.000000e+00
      outer loop
         vertex -3.302091e+01 -5.228579e+01 2.310000e+01
         vertex -3.335000e+01 -5.245726e+01 2.310000e+01
         vertex 3.090000e+01 -5.175960e+01 2.310000e+01
      endloop
   endfacet
   facet normal 0.000000e+00 0.000000e+00 1.000000e+00
      outer loop
         vertex -3.335000e+01 -5.245726e+01 2.310000e+01
         vertex -3.335000e+01 -5.335977e+01 2.310000e+01
         vertex 3.090000e+01 -5.175960e+01 2.310000e+01
      endloop
   endfacet
   facet normal 0.000000e+00 0.000000e+00 1.000000e+00
      outer loop
         vertex -3.345000e+01 -5.245726e+01 2.310000e+01
         vertex -3.377909e+01 -5.228579e+01 2.310000e+01
         vertex -3.345000e+01 -5.335977e+01 2.310000e+01
      endloop
   endfacet
   facet normal 0.000000e+00 0.000000e+00 1.000000e+00
      outer loop
         vertex -3.377909e+01 -5.228579e+01 2.310000e+01
         vertex -3.389937e+01 -5.193473e+01 2.310000e+01
         vertex -3.345000e+01 -5.335977e+01 2.310000e+01
      endloop
   endfacet
   facet normal 0.000000e+00 0.000000e+00 1.000000e+00
      outer loop
         vertex -3.374459e+01 -5.159747e+01 2.310000e+01
         vertex -3.550000e+01 -4.985977e+01 2.310000e+01
         vertex -3.389937e+01 -5.193473e+01 2.310000e+01
      endloop
   endfacet
   facet normal 0.000000e+00 0.000000e+00 1.000000e+00
      outer loop
         vertex -3.389937e+01 -5.193473e+01 2.310000e+01
         vertex -3.550000e+01 -4.985977e+01 2.310000e+01
         vertex -3.345000e+01 -5.335977e+01 2.310000e+01
      endloop
   endfacet
   facet normal -0.000000e+00 -0.000000e+00 1.000000e+00
      outer loop
         vertex -3.550000e+01 -4.985977e+01 2.310000e+01
         vertex -3.505000e+01 -5.325880e+01 2.310000e+01
         vertex -3.345000e+01 -5.335977e+01 2.310000e+01
      endloop
   endfacet
   facet normal 0.000000e+00 0.000000e+00 1.000000e+00
      outer loop
         vertex -3.505000e+01 -5.325880e+01 2.310000e+01
         vertex -3.505000e+01 -5.495977e+01 2.310000e+01
         vertex -3.345000e+01 -5.335977e+01 2.310000e+01
      endloop
   endfacet
   facet normal 0.000000e+00 0.000000e+00 1.000000e+00
      outer loop
         vertex -3.505000e+01 -5.495977e+01 2.310000e+01
         vertex 3.504754e+01 -5.495959e+01 2.310000e+01
         vertex -3.345000e+01 -5.335977e+01 2.310000e+01
      endloop
   endfacet
   facet normal 0.000000e+00 0.000000e+00 1.000000e+00
      outer loop
         vertex -3.345000e+01 -5.335977e+01 2.310000e+01
         vertex 3.504754e+01 -5.495959e+01 2.310000e+01
         vertex -3.335000e+01 -5.335977e+01 2.310000e+01
      endloop
   endfacet
   facet normal 0.000000e+00 0.000000e+00 1.000000e+00
      outer loop
         vertex 3.504754e+01 -5.495959e+01 2.310000e+01
         vertex 3.334754e+01 -5.335994e+01 2.310000e+01
         vertex -3.335000e+01 -5.335977e+01 2.310000e+01
      endloop
   endfacet
   facet normal 0.000000e+00 0.000000e+00 1.000000e+00
      outer loop
         vertex -3.335000e+01 -5.335977e+01 2.310000e+01
         vertex 3.334754e+01 -5.335994e+01 2.310000e+01
         vertex 3.090000e+01 -5.175960e+01 2.310000e+01
      endloop
   endfacet
   facet normal 0.000000e+00 0.000000e+00 1.000000e+00
      outer loop
         vertex 3.334754e+01 -5.335994e+01 2.310000e+01
         vertex 3.334754e+01 -5.245701e+01 2.310000e+01
         vertex 3.090000e+01 -5.175960e+01 2.310000e+01
      endloop
   endfacet
   facet normal 0.000000e+00 0.000000e+00 1.000000e+00
      outer loop
         vertex 3.090000e+01 -5.175960e+01 2.310000e+01
         vertex 3.301930e+01 -5.228391e+01 2.310000e+01
         vertex 3.090000e+01 -4.966541e+01 2.310000e+01
      endloop
   endfacet
   facet normal 0.000000e+00 0.000000e+00 1.000000e+00
      outer loop
         vertex 3.301930e+01 -5.228391e+01 2.310000e+01
         vertex 3.290076e+01 -5.193226e+01 2.310000e+01
         vertex 3.090000e+01 -4.966541e+01 2.310000e+01
      endloop
   endfacet
   facet normal 0.000000e+00 -0.000000e+00 1.000000e+00
      outer loop
         vertex 3.090000e+01 -4.966541e+01 2.310000e+01
         vertex 3.305721e+01 -5.159577e+01 2.310000e+01
         vertex 3.550000e+01 -4.966541e+01 2.310000e+01
      endloop
   endfacet
   facet normal 0.000000e+00 -0.000000e+00 1.000000e+00
      outer loop
         vertex 3.305721e+01 -5.159577e+01 2.310000e+01
         vertex 3.340248e+01 -5.145977e+01 2.310000e+01
         vertex 3.550000e+01 -4.966541e+01 2.310000e+01
      endloop
   endfacet
   facet normal -0.000000e+00 0.000000e+00 1.000000e+00
      outer loop
         vertex 3.550000e+01 -4.966541e+01 2.310000e+01
         vertex 3.374638e+01 -5.159918e+01 2.310000e+01
         vertex 3.550000e+01 -5.325880e+01 2.310000e+01
      endloop
   endfacet
   facet normal -0.000000e+00 -0.000000e+00 1.000000e+00
      outer loop
         vertex 3.374638e+01 -5.159918e+01 2.310000e+01
         vertex 3.389949e+01 -5.193721e+01 2.310000e+01
         vertex 3.550000e+01 -5.325880e+01 2.310000e+01
      endloop
   endfacet
   facet normal 0.000000e+00 0.000000e+00 1.000000e+00
      outer loop
         vertex 3.550000e+01 -5.325880e+01 2.310000e+01
         vertex 3.389949e+01 -5.193721e+01 2.310000e+01
         vertex 3.504754e+01 -5.325880e+01 2.310000e+01
      endloop
   endfacet
   facet normal -0.000000e+00 0.000000e+00 1.000000e+00
      outer loop
         vertex 3.389949e+01 -5.193721e+01 2.310000e+01
         vertex 3.377747e+01 -5.228766e+01 2.310000e+01
         vertex 3.504754e+01 -5.325880e+01 2.310000e+01
      endloop
   endfacet
   facet normal 0.000000e+00 0.000000e+00 1.000000e+00
      outer loop
         vertex 3.504754e+01 -5.325880e+01 2.310000e+01
         vertex 3.377747e+01 -5.228766e+01 2.310000e+01
         vertex 3.504754e+01 -5.495959e+01 2.310000e+01
      endloop
   endfacet
   facet normal -0.000000e+00 0.000000e+00 1.000000e+00
      outer loop
         vertex 3.377747e+01 -5.228766e+01 2.310000e+01
         vertex 3.344754e+01 -5.245750e+01 2.310000e+01
         vertex 3.504754e+01 -5.495959e+01 2.310000e+01
      endloop
   endfacet
   facet normal 0.000000e+00 0.000000e+00 1.000000e+00
      outer loop
         vertex 3.504754e+01 -5.495959e+01 2.310000e+01
         vertex 3.344754e+01 -5.245750e+01 2.310000e+01
         vertex 3.344754e+01 -5.335994e+01 2.310000e+01
      endloop
   endfacet
   facet normal 0.000000e+00 0.000000e+00 1.000000e+00
      outer loop
         vertex 3.374638e+01 -5.159918e+01 2.310000e+01
         vertex 3.550000e+01 -4.966541e+01 2.310000e+01
         vertex 3.340248e+01 -5.145977e+01 2.310000e+01
      endloop
   endfacet
   facet normal 0.000000e+00 0.000000e+00 1.000000e+00
      outer loop
         vertex 3.305721e+01 -5.159577e+01 2.310000e+01
         vertex 3.090000e+01 -4.966541e+01 2.310000e+01
         vertex 3.290076e+01 -5.193226e+01 2.310000e+01
      endloop
   endfacet
   facet normal 0.000000e+00 0.000000e+00 1.000000e+00
      outer loop
         vertex 3.301930e+01 -5.228391e+01 2.310000e+01
         vertex 3.090000e+01 -5.175960e+01 2.310000e+01
         vertex 3.334754e+01 -5.245701e+01 2.310000e+01
      endloop
   endfacet
   facet normal 0.000000e+00 0.000000e+00 1.000000e+00
      outer loop
         vertex -3.505000e+01 -5.325880e+01 2.310000e+01
         vertex -3.550000e+01 -4.985977e+01 2.310000e+01
         vertex -3.550000e+01 -5.325880e+01 2.310000e+01
      endloop
   endfacet
   facet normal 0.000000e+00 0.000000e+00 1.000000e+00
      outer loop
         vertex 3.334754e+01 -5.335994e+01 2.310000e+01
         vertex 3.504754e+01 -5.495959e+01 2.310000e+01
         vertex 3.344754e+01 -5.335994e+01 2.310000e+01
      endloop
   endfacet
   facet normal 0.000000e+00 0.000000e+00 -1.000000e+00
      outer loop
         vertex 3.344754e+01 -5.495959e+01 1.860000e+01
         vertex 3.334754e+01 -5.495959e+01 1.860000e+01
         vertex 3.334754e+01 -5.335994e+01 1.860000e+01
      endloop
   endfacet
   facet normal 0.000000e+00 0.000000e+00 -1.000000e+00
      outer loop
         vertex 3.344754e+01 -5.335994e+01 1.860000e+01
         vertex 3.344754e+01 -5.495959e+01 1.860000e+01
         vertex 3.334754e+01 -5.335994e+01 1.860000e+01
      endloop
   endfacet
   facet normal 0.000000e+00 0.000000e+00 -1.000000e+00
      outer loop
         vertex -3.345000e+01 -5.495976e+01 1.860000e+01
         vertex -3.345000e+01 -5.335977e+01 1.860000e+01
         vertex -3.335000e+01 -5.495976e+01 1.860000e+01
      endloop
   endfacet
   facet normal -0.000000e+00 -0.000000e+00 -1.000000e+00
      outer loop
         vertex -3.345000e+01 -5.335977e+01 1.860000e+01
         vertex -3.335000e+01 -5.335977e+01 1.860000e+01
         vertex -3.335000e+01 -5.495976e+01 1.860000e+01
      endloop
   endfacet
   facet normal 0.000000e+00 1.000000e+00 -0.000000e+00
      outer loop
         vertex -3.335000e+01 -5.335977e+01 2.310000e+01
         vertex -3.335000e+01 -5.335977e+01 1.860000e+01
         vertex -3.345000e+01 -5.335977e+01 1.860000e+01
      endloop
   endfacet
   facet normal 0.000000e+00 1.000000e+00 0.000000e+00
      outer loop
         vertex -3.345000e+01 -5.335977e+01 2.310000e+01
         vertex -3.335000e+01 -5.335977e+01 2.310000e+01
         vertex -3.345000e+01 -5.335977e+01 1.860000e+01
      endloop
   endfacet
   facet normal 0.000000e+00 1.000000e+00 -0.000000e+00
      outer loop
         vertex 3.344754e+01 -5.335994e+01 2.310000e+01
         vertex 3.344754e+01 -5.335994e+01 1.860000e+01
         vertex 3.334754e+01 -5.335994e+01 1.860000e+01
      endloop
   endfacet
   facet normal 0.000000e+00 1.000000e+00 0.000000e+00
      outer loop
         vertex 3.334754e+01 -5.335994e+01 2.310000e+01
         vertex 3.344754e+01 -5.335994e+01 2.310000e+01
         vertex 3.334754e+01 -5.335994e+01 1.860000e+01
      endloop
   endfacet
   facet normal 0.000000e+00 0.000000e+00 1.000000e+00
      outer loop
         vertex 3.334754e+01 -5.495977e+01 1.360000e+01
         vertex 3.344754e+01 -5.495977e+01 1.360000e+01
         vertex 3.334754e+01 -5.245701e+01 1.360000e+01
      endloop
   endfacet
   facet normal 0.000000e+00 0.000000e+00 1.000000e+00
      outer loop
         vertex 3.344754e+01 -5.495977e+01 1.360000e+01
         vertex 3.344754e+01 -5.245750e+01 1.360000e+01
         vertex 3.334754e+01 -5.245701e+01 1.360000e+01
      endloop
   endfacet
   facet normal 0.000000e+00 0.000000e+00 1.000000e+00
      outer loop
         vertex 3.334754e+01 -5.245701e+01 1.360000e+01
         vertex 3.344754e+01 -5.245750e+01 1.360000e+01
         vertex 3.301930e+01 -5.228391e+01 1.360000e+01
      endloop
   endfacet
   facet normal 0.000000e+00 0.000000e+00 1.000000e+00
      outer loop
         vertex 3.344754e+01 -5.245750e+01 1.360000e+01
         vertex 3.377747e+01 -5.228766e+01 1.360000e+01
         vertex 3.301930e+01 -5.228391e+01 1.360000e+01
      endloop
   endfacet
   facet normal 0.000000e+00 0.000000e+00 1.000000e+00
      outer loop
         vertex 3.301930e+01 -5.228391e+01 1.360000e+01
         vertex 3.377747e+01 -5.228766e+01 1.360000e+01
         vertex 3.290076e+01 -5.193226e+01 1.360000e+01
      endloop
   endfacet
   facet normal 0.000000e+00 0.000000e+00 1.000000e+00
      outer loop
         vertex 3.377747e+01 -5.228766e+01 1.360000e+01
         vertex 3.389949e+01 -5.193721e+01 1.360000e+01
         vertex 3.290076e+01 -5.193226e+01 1.360000e+01
      endloop
   endfacet
   facet normal 0.000000e+00 0.000000e+00 1.000000e+00
      outer loop
         vertex 3.290076e+01 -5.193226e+01 1.360000e+01
         vertex 3.389949e+01 -5.193721e+01 1.360000e+01
         vertex 3.305721e+01 -5.159577e+01 1.360000e+01
      endloop
   endfacet
   facet normal 0.000000e+00 0.000000e+00 1.000000e+00
      outer loop
         vertex 3.389949e+01 -5.193721e+01 1.360000e+01
         vertex 3.374638e+01 -5.159918e+01 1.360000e+01
         vertex 3.305721e+01 -5.159577e+01 1.360000e+01
      endloop
   endfacet
   facet normal 0.000000e+00 0.000000e+00 1.000000e+00
      outer loop
         vertex 3.305721e+01 -5.159577e+01 1.360000e+01
         vertex 3.374638e+01 -5.159918e+01 1.360000e+01
         vertex 3.340248e+01 -5.145977e+01 1.360000e+01
      endloop
   endfacet
   facet normal 0.000000e+00 -1.000000e+00 0.000000e+00
      outer loop
         vertex -3.870000e+01 -5.495977e+01 1.860000e+01
         vertex -3.870000e+01 -5.495977e+01 1.500000e+00
         vertex -3.505000e+01 -5.495977e+01 1.860000e+01
      endloop
   endfacet
   facet normal -0.000000e+00 -1.000000e+00 0.000000e+00
      outer loop
         vertex -3.870000e+01 -5.495977e+01 1.500000e+00
         vertex -3.345000e+01 -5.495977e+01 1.360000e+01
         vertex -3.505000e+01 -5.495977e+01 1.860000e+01
      endloop
   endfacet
   facet normal 2.384188e-06 -1.000000e+00 7.629395e-07
      outer loop
         vertex -3.505000e+01 -5.495977e+01 1.860000e+01
         vertex -3.345000e+01 -5.495977e+01 1.360000e+01
         vertex -3.345000e+01 -5.495976e+01 1.860000e+01
      endloop
   endfacet
   facet normal 0.000000e+00 -1.000000e+00 0.000000e+00
      outer loop
         vertex -3.345000e+01 -5.495977e+01 1.360000e+01
         vertex -3.870000e+01 -5.495977e+01 1.500000e+00
         vertex -3.335000e+01 -5.495977e+01 1.360000e+01
      endloop
   endfacet
   facet normal 0.000000e+00 -1.000000e+00 0.000000e+00
      outer loop
         vertex -3.870000e+01 -5.495977e+01 1.500000e+00
         vertex 3.870000e+01 -5.495977e+01 1.500000e+00
         vertex -3.335000e+01 -5.495977e+01 1.360000e+01
      endloop
   endfacet
   facet normal 0.000000e+00 -1.000000e+00 0.000000e+00
      outer loop
         vertex -3.335000e+01 -5.495977e+01 1.360000e+01
         vertex 3.870000e+01 -5.495977e+01 1.500000e+00
         vertex -3.335000e+01 -5.495977e+01 1.860000e+01
      endloop
   endfacet
   facet normal -0.000000e+00 -1.000000e+00 -0.000000e+00
      outer loop
         vertex 3.870000e+01 -5.495977e+01 1.500000e+00
         vertex 3.334754e+01 -5.495977e+01 1.360000e+01
         vertex -3.335000e+01 -5.495977e+01 1.860000e+01
      endloop
   endfacet
   facet normal 0.000000e+00 -1.000000e+00 0.000000e+00
      outer loop
         vertex -3.335000e+01 -5.495977e+01 1.860000e+01
         vertex 3.334754e+01 -5.495977e+01 1.360000e+01
         vertex 3.334754e+01 -5.495977e+01 1.860000e+01
      endloop
   endfacet
   facet normal 0.000000e+00 -1.000000e+00 0.000000e+00
      outer loop
         vertex 3.334754e+01 -5.495977e+01 1.360000e+01
         vertex 3.870000e+01 -5.495977e+01 1.500000e+00
         vertex 3.344754e+01 -5.495977e+01 1.360000e+01
      endloop
   endfacet
   facet normal 0.000000e+00 -1.000000e+00 -0.000000e+00
      outer loop
         vertex 3.870000e+01 -5.495977e+01 1.500000e+00
         vertex 3.870000e+01 -5.495977e+01 1.860000e+01
         vertex 3.344754e+01 -5.495977e+01 1.360000e+01
      endloop
   endfacet
   facet normal -0.000000e+00 -1.000000e+00 0.000000e+00
      outer loop
         vertex 3.344754e+01 -5.495977e+01 1.360000e+01
         vertex 3.870000e+01 -5.495977e+01 1.860000e+01
         vertex 3.344754e+01 -5.495977e+01 1.860000e+01
      endloop
   endfacet
   facet normal 0.000000e+00 0.000000e+00 1.000000e+00
      outer loop
         vertex -3.345000e+01 -5.495977e+01 1.360000e+01
         vertex -3.335000e+01 -5.495977e+01 1.360000e+01
         vertex -3.345000e+01 -5.245726e+01 1.360000e+01
      endloop
   endfacet
   facet normal 0.000000e+00 0.000000e+00 1.000000e+00
      outer loop
         vertex -3.335000e+01 -5.495977e+01 1.360000e+01
         vertex -3.335000e+01 -5.245726e+01 1.360000e+01
         vertex -3.345000e+01 -5.245726e+01 1.360000e+01
      endloop
   endfacet
   facet normal 0.000000e+00 0.000000e+00 1.000000e+00
      outer loop
         vertex -3.345000e+01 -5.245726e+01 1.360000e+01
         vertex -3.335000e+01 -5.245726e+01 1.360000e+01
         vertex -3.377909e+01 -5.228579e+01 1.360000e+01
      endloop
   endfacet
   facet normal 0.000000e+00 0.000000e+00 1.000000e+00
      outer loop
         vertex -3.335000e+01 -5.245726e+01 1.360000e+01
         vertex -3.302091e+01 -5.228579e+01 1.360000e+01
         vertex -3.377909e+01 -5.228579e+01 1.360000e+01
      endloop
   endfacet
   facet normal 0.000000e+00 0.000000e+00 1.000000e+00
      outer loop
         vertex -3.377909e+01 -5.228579e+01 1.360000e+01
         vertex -3.302091e+01 -5.228579e+01 1.360000e+01
         vertex -3.389937e+01 -5.193473e+01 1.360000e+01
      endloop
   endfacet
   facet normal 0.000000e+00 0.000000e+00 1.000000e+00
      outer loop
         vertex -3.302091e+01 -5.228579e+01 1.360000e+01
         vertex -3.290063e+01 -5.193473e+01 1.360000e+01
         vertex -3.389937e+01 -5.193473e+01 1.360000e+01
      endloop
   endfacet
   facet normal 0.000000e+00 0.000000e+00 1.000000e+00
      outer loop
         vertex -3.389937e+01 -5.193473e+01 1.360000e+01
         vertex -3.290063e+01 -5.193473e+01 1.360000e+01
         vertex -3.374459e+01 -5.159747e+01 1.360000e+01
      endloop
   endfacet
   facet normal 0.000000e+00 0.000000e+00 1.000000e+00
      outer loop
         vertex -3.290063e+01 -5.193473e+01 1.360000e+01
         vertex -3.305541e+01 -5.159747e+01 1.360000e+01
         vertex -3.374459e+01 -5.159747e+01 1.360000e+01
      endloop
   endfacet
   facet normal 0.000000e+00 0.000000e+00 1.000000e+00
      outer loop
         vertex -3.374459e+01 -5.159747e+01 1.360000e+01
         vertex -3.305541e+01 -5.159747e+01 1.360000e+01
         vertex -3.340000e+01 -5.145977e+01 1.360000e+01
      endloop
   endfacet
   facet normal 0.000000e+00 -1.000000e+00 0.000000e+00
      outer loop
         vertex -3.550000e+01 -5.325880e+01 2.310000e+01
         vertex -3.550000e+01 -5.325880e+01 1.860000e+01
         vertex -3.505000e+01 -5.325880e+01 1.860000e+01
      endloop
   endfacet
   facet normal 0.000000e+00 -1.000000e+00 0.000000e+00
      outer loop
         vertex -3.550000e+01 -5.325880e+01 2.310000e+01
         vertex -3.505000e+01 -5.325880e+01 1.860000e+01
         vertex -3.505000e+01 -5.325880e+01 2.310000e+01
      endloop
   endfacet
   facet normal -1.000000e+00 0.000000e+00 0.000000e+00
      outer loop
         vertex -3.505000e+01 -5.325880e+01 2.310000e+01
         vertex -3.505000e+01 -5.325880e+01 1.860000e+01
         vertex -3.505000e+01 -5.495977e+01 1.860000e+01
      endloop
   endfacet
   facet normal -1.000000e+00 0.000000e+00 0.000000e+00
      outer loop
         vertex -3.505000e+01 -5.325880e+01 2.310000e+01
         vertex -3.505000e+01 -5.495977e+01 1.860000e+01
         vertex -3.505000e+01 -5.495977e+01 2.310000e+01
      endloop
   endfacet
   facet normal 2.557733e-06 -1.000000e+00 0.000000e+00
      outer loop
         vertex -3.505000e+01 -5.495977e+01 2.310000e+01
         vertex -3.505000e+01 -5.495977e+01 1.860000e+01
         vertex 3.504754e+01 -5.495959e+01 2.310000e+01
      endloop
   endfacet
   facet normal 2.384188e-06 -1.000000e+00 2.703346e-06
      outer loop
         vertex -3.505000e+01 -5.495977e+01 1.860000e+01
         vertex -3.345000e+01 -5.495976e+01 1.860000e+01
         vertex 3.504754e+01 -5.495959e+01 2.310000e+01
      endloop
   endfacet
   facet normal 2.384182e-06 -1.000000e+00 0.000000e+00
      outer loop
         vertex 3.504754e+01 -5.495959e+01 2.310000e+01
         vertex 3.344754e+01 -5.495959e+01 1.860000e+01
         vertex 3.504754e+01 -5.495959e+01 1.860000e+01
      endloop
   endfacet
   facet normal 0.000000e+00 -1.000000e+00 8.477105e-07
      outer loop
         vertex 3.344754e+01 -5.495959e+01 1.860000e+01
         vertex 3.504754e+01 -5.495959e+01 2.310000e+01
         vertex 3.334754e+01 -5.495959e+01 1.860000e+01
      endloop
   endfacet
   facet normal 2.573729e-06 -1.000000e+00 -1.245875e-07
      outer loop
         vertex 3.334754e+01 -5.495959e+01 1.860000e+01
         vertex 3.504754e+01 -5.495959e+01 2.310000e+01
         vertex -3.335000e+01 -5.495976e+01 1.860000e+01
      endloop
   endfacet
   facet normal 0.000000e+00 -1.000000e+00 3.899468e-05
      outer loop
         vertex -3.335000e+01 -5.495976e+01 1.860000e+01
         vertex 3.504754e+01 -5.495959e+01 2.310000e+01
         vertex -3.345000e+01 -5.495976e+01 1.860000e+01
      endloop
   endfacet
   facet normal 1.000000e+00 0.000000e+00 0.000000e+00
      outer loop
         vertex 3.504754e+01 -5.495959e+01 2.310000e+01
         vertex 3.504754e+01 -5.495959e+01 1.860000e+01
         vertex 3.504754e+01 -5.325880e+01 1.860000e+01
      endloop
   endfacet
   facet normal 1.000000e+00 0.000000e+00 -0.000000e+00
      outer loop
         vertex 3.504754e+01 -5.495959e+01 2.310000e+01
         vertex 3.504754e+01 -5.325880e+01 1.860000e+01
         vertex 3.504754e+01 -5.325880e+01 2.310000e+01
      endloop
   endfacet
   facet normal 0.000000e+00 -1.000000e+00 0.000000e+00
      outer loop
         vertex 3.504754e+01 -5.325880e+01 2.310000e+01
         vertex 3.504754e+01 -5.325880e+01 1.860000e+01
         vertex 3.550000e+01 -5.325880e+01 1.860000e+01
      endloop
   endfacet
   facet normal 0.000000e+00 -1.000000e+00 0.000000e+00
      outer loop
         vertex 3.504754e+01 -5.325880e+01 2.310000e+01
         vertex 3.550000e+01 -5.325880e+01 1.860000e+01
         vertex 3.550000e+01 -5.325880e+01 2.310000e+01
      endloop
   endfacet
   facet normal 1.000000e+00 0.000000e+00 0.000000e+00
      outer loop
         vertex 3.550000e+01 -5.325880e+01 2.310000e+01
         vertex 3.550000e+01 -5.325880e+01 1.860000e+01
         vertex 3.550000e+01 -4.966541e+01 1.860000e+01
      endloop
   endfacet
   facet normal 1.000000e+00 0.000000e+00 -0.000000e+00
      outer loop
         vertex 3.550000e+01 -5.325880e+01 2.310000e+01
         vertex 3.550000e+01 -4.966541e+01 1.860000e+01
         vertex 3.550000e+01 -4.966541e+01 2.310000e+01
      endloop
   endfacet
   facet normal 0.000000e+00 1.000000e+00 -0.000000e+00
      outer loop
         vertex 3.550000e+01 -4.966541e+01 2.310000e+01
         vertex 3.550000e+01 -4.966541e+01 1.860000e+01
         vertex 3.090000e+01 -4.966541e+01 1.860000e+01
      endloop
   endfacet
   facet normal 0.000000e+00 1.000000e+00 0.000000e+00
      outer loop
         vertex 3.550000e+01 -4.966541e+01 2.310000e+01
         vertex 3.090000e+01 -4.966541e+01 1.860000e+01
         vertex 3.090000e+01 -4.966541e+01 2.310000e+01
      endloop
   endfacet
   facet normal -1.000000e+00 0.000000e+00 0.000000e+00
      outer loop
         vertex 3.090000e+01 -4.966541e+01 2.310000e+01
         vertex 3.090000e+01 -4.966541e+01 1.860000e+01
         vertex 3.090000e+01 -5.175960e+01 1.860000e+01
      endloop
   endfacet
   facet normal -1.000000e+00 0.000000e+00 0.000000e+00
      outer loop
         vertex 3.090000e+01 -4.966541e+01 2.310000e+01
         vertex 3.090000e+01 -5.175960e+01 1.860000e+01
         vertex 3.090000e+01 -5.175960e+01 2.310000e+01
      endloop
   endfacet
   facet normal 0.000000e+00 1.000000e+00 -0.000000e+00
      outer loop
         vertex 3.090000e+01 -5.175960e+01 2.310000e+01
         vertex 3.090000e+01 -5.175960e+01 1.860000e+01
         vertex -3.090000e+01 -5.175960e+01 1.860000e+01
      endloop
   endfacet
   facet normal 0.000000e+00 1.000000e+00 0.000000e+00
      outer loop
         vertex 3.090000e+01 -5.175960e+01 2.310000e+01
         vertex -3.090000e+01 -5.175960e+01 1.860000e+01
         vertex -3.090000e+01 -5.175960e+01 2.310000e+01
      endloop
   endfacet
   facet normal 1.000000e+00 0.000000e+00 0.000000e+00
      outer loop
         vertex -3.090000e+01 -5.175960e+01 2.310000e+01
         vertex -3.090000e+01 -5.175960e+01 1.860000e+01
         vertex -3.090000e+01 -4.985977e+01 1.860000e+01
      endloop
   endfacet
   facet normal 1.000000e+00 0.000000e+00 -0.000000e+00
      outer loop
         vertex -3.090000e+01 -5.175960e+01 2.310000e+01
         vertex -3.090000e+01 -4.985977e+01 1.860000e+01
         vertex -3.090000e+01 -4.985977e+01 2.310000e+01
      endloop
   endfacet
   facet normal 0.000000e+00 1.000000e+00 -0.000000e+00
      outer loop
         vertex -3.090000e+01 -4.985977e+01 2.310000e+01
         vertex -3.090000e+01 -4.985977e+01 1.860000e+01
         vertex -3.550000e+01 -4.985977e+01 1.860000e+01
      endloop
   endfacet
   facet normal 0.000000e+00 1.000000e+00 0.000000e+00
      outer loop
         vertex -3.090000e+01 -4.985977e+01 2.310000e+01
         vertex -3.550000e+01 -4.985977e+01 1.860000e+01
         vertex -3.550000e+01 -4.985977e+01 2.310000e+01
      endloop
   endfacet
   facet normal -1.000000e+00 0.000000e+00 0.000000e+00
      outer loop
         vertex -3.550000e+01 -4.985977e+01 2.310000e+01
         vertex -3.550000e+01 -4.985977e+01 1.860000e+01
         vertex -3.550000e+01 -5.325880e+01 1.860000e+01
      endloop
   endfacet
   facet normal -1.000000e+00 0.000000e+00 0.000000e+00
      outer loop
         vertex -3.550000e+01 -4.985977e+01 2.310000e+01
         vertex -3.550000e+01 -5.325880e+01 1.860000e+01
         vertex -3.550000e+01 -5.325880e+01 2.310000e+01
      endloop
   endfacet
   facet normal 0.000000e+00 0.000000e+00 1.000000e+00
      outer loop
         vertex 3.334754e+01 -5.495977e+01 1.860000e+01
         vertex 3.334754e+01 -5.495959e+01 1.860000e+01
         vertex -3.335000e+01 -5.495976e+01 1.860000e+01
      endloop
   endfacet
   facet normal 0.000000e+00 0.000000e+00 1.000000e+00
      outer loop
         vertex 3.334754e+01 -5.495977e+01 1.860000e+01
         vertex -3.335000e+01 -5.495976e+01 1.860000e+01
         vertex -3.335000e+01 -5.495977e+01 1.860000e+01
      endloop
   endfacet
   facet normal 0.000000e+00 0.000000e+00 1.000000e+00
      outer loop
         vertex -3.505000e+01 -5.495977e+01 1.860000e+01
         vertex -3.505000e+01 -5.325880e+01 1.860000e+01
         vertex -3.870000e+01 -5.495977e+01 1.860000e+01
      endloop
   endfacet
   facet normal -0.000000e+00 0.000000e+00 1.000000e+00
      outer loop
         vertex -3.505000e+01 -5.325880e+01 1.860000e+01
         vertex -3.550000e+01 -5.325880e+01 1.860000e+01
         vertex -3.870000e+01 -5.495977e+01 1.860000e+01
      endloop
   endfacet
   facet normal 0.000000e+00 0.000000e+00 1.000000e+00
      outer loop
         vertex -3.870000e+01 -5.495977e+01 1.860000e+01
         vertex -3.550000e+01 -5.325880e+01 1.860000e+01
         vertex -3.870000e+01 -2.415977e+01 1.860000e+01
      endloop
   endfacet
   facet normal 0.000000e+00 0.000000e+00 1.000000e+00
      outer loop
         vertex -3.550000e+01 -5.325880e+01 1.860000e+01
         vertex -3.550000e+01 -4.985977e+01 1.860000e+01
         vertex -3.870000e+01 -2.415977e+01 1.860000e+01
      endloop
   endfacet
   facet normal 0.000000e+00 0.000000e+00 1.000000e+00
      outer loop
         vertex -3.550000e+01 -4.985977e+01 1.860000e+01
         vertex -3.090000e+01 -4.985977e+01 1.860000e+01
         vertex -3.870000e+01 -2.415977e+01 1.860000e+01
      endloop
   endfacet
   facet normal 0.000000e+00 0.000000e+00 1.000000e+00
      outer loop
         vertex -3.090000e+01 -5.175960e+01 1.860000e+01
         vertex 3.090000e+01 -5.175960e+01 1.860000e+01
         vertex -3.090000e+01 -4.985977e+01 1.860000e+01
      endloop
   endfacet
   facet normal 0.000000e+00 0.000000e+00 1.000000e+00
      outer loop
         vertex -3.090000e+01 -4.985977e+01 1.860000e+01
         vertex 3.090000e+01 -5.175960e+01 1.860000e+01
         vertex -3.870000e+01 -2.415977e+01 1.860000e+01
      endloop
   endfacet
   facet normal 0.000000e+00 0.000000e+00 1.000000e+00
      outer loop
         vertex 3.090000e+01 -5.175960e+01 1.860000e+01
         vertex 3.090000e+01 -4.966541e+01 1.860000e+01
         vertex -3.870000e+01 -2.415977e+01 1.860000e+01
      endloop
   endfacet
   facet normal 0.000000e+00 0.000000e+00 1.000000e+00
      outer loop
         vertex 3.090000e+01 -4.966541e+01 1.860000e+01
         vertex 3.550000e+01 -4.966541e+01 1.860000e+01
         vertex -3.870000e+01 -2.415977e+01 1.860000e+01
      endloop
   endfacet
   facet normal 0.000000e+00 0.000000e+00 1.000000e+00
      outer loop
         vertex 3.504754e+01 -5.325880e+01 1.860000e+01
         vertex 3.504754e+01 -5.495959e+01 1.860000e+01
         vertex 3.550000e+01 -5.325880e+01 1.860000e+01
      endloop
   endfacet
   facet normal 0.000000e+00 0.000000e+00 1.000000e+00
      outer loop
         vertex 3.344754e+01 -5.495959e+01 1.860000e+01
         vertex 3.344754e+01 -5.495977e+01 1.860000e+01
         vertex 3.504754e+01 -5.495959e+01 1.860000e+01
      endloop
   endfacet
   facet normal 0.000000e+00 0.000000e+00 1.000000e+00
      outer loop
         vertex 3.344754e+01 -5.495977e+01 1.860000e+01
         vertex 3.870000e+01 -5.495977e+01 1.860000e+01
         vertex 3.504754e+01 -5.495959e+01 1.860000e+01
      endloop
   endfacet
   facet normal 0.000000e+00 0.000000e+00 1.000000e+00
      outer loop
         vertex 3.504754e+01 -5.495959e+01 1.860000e+01
         vertex 3.870000e+01 -5.495977e+01 1.860000e+01
         vertex 3.550000e+01 -5.325880e+01 1.860000e+01
      endloop
   endfacet
   facet normal 0.000000e+00 0.000000e+00 1.000000e+00
      outer loop
         vertex 3.870000e+01 -5.495977e+01 1.860000e+01
         vertex 3.870000e+01 -4.315977e+01 1.860000e+01
         vertex 3.550000e+01 -5.325880e+01 1.860000e+01
      endloop
   endfacet
   facet normal 0.000000e+00 0.000000e+00 1.000000e+00
      outer loop
         vertex 3.550000e+01 -5.325880e+01 1.860000e+01
         vertex 3.870000e+01 -4.315977e+01 1.860000e+01
         vertex 3.550000e+01 -4.966541e+01 1.860000e+01
      endloop
   endfacet
   facet normal 0.000000e+00 0.000000e+00 1.000000e+00
      outer loop
         vertex 4.270000e+01 -4.315977e+01 1.860000e+01
         vertex 4.270000e+01 -3.315977e+01 1.860000e+01
         vertex 3.870000e+01 -4.315977e+01 1.860000e+01
      endloop
   endfacet
   facet normal 0.000000e+00 0.000000e+00 1.000000e+00
      outer loop
         vertex 3.870000e+01 -4.315977e+01 1.860000e+01
         vertex 4.270000e+01 -3.315977e+01 1.860000e+01
         vertex 3.550000e+01 -4.966541e+01 1.860000e+01
      endloop
   endfacet
   facet normal -0.000000e+00 0.000000e+00 1.000000e+00
      outer loop
         vertex 4.270000e+01 -3.315977e+01 1.860000e+01
         vertex 3.870000e+01 -3.315977e+01 1.860000e+01
         vertex 3.550000e+01 -4.966541e+01 1.860000e+01
      endloop
   endfacet
   facet normal 0.000000e+00 0.000000e+00 1.000000e+00
      outer loop
         vertex 3.550000e+01 -4.966541e+01 1.860000e+01
         vertex 3.870000e+01 -3.315977e+01 1.860000e+01
         vertex -3.870000e+01 -2.415977e+01 1.860000e+01
      endloop
   endfacet
   facet normal 0.000000e+00 0.000000e+00 1.000000e+00
      outer loop
         vertex 3.870000e+01 -3.315977e+01 1.860000e+01
         vertex 3.870000e+01 -1.008640e+01 1.860000e+01
         vertex -3.870000e+01 -2.415977e+01 1.860000e+01
      endloop
   endfacet
   facet normal 0.000000e+00 0.000000e+00 1.000000e+00
      outer loop
         vertex -3.870000e+01 -2.415977e+01 1.860000e+01
         vertex 3.870000e+01 -1.008640e+01 1.860000e+01
         vertex -4.270000e+01 -2.415977e+01 1.860000e+01
      endloop
   endfacet
   facet normal 0.000000e+00 0.000000e+00 1.000000e+00
      outer loop
         vertex 3.870000e+01 -1.008640e+01 1.860000e+01
         vertex 4.109370e+01 -3.509767e+00 1.860000e+01
         vertex -4.270000e+01 -2.415977e+01 1.860000e+01
      endloop
   endfacet
   facet normal 0.000000e+00 0.000000e+00 1.000000e+00
      outer loop
         vertex -4.270000e+01 -2.415977e+01 1.860000e+01
         vertex -3.870000e+01 -1.215977e+01 1.860000e+01
         vertex -4.270000e+01 -1.215977e+01 1.860000e+01
      endloop
   endfacet
   facet normal 0.000000e+00 0.000000e+00 1.000000e+00
      outer loop
         vertex -4.270000e+01 -2.415977e+01 1.860000e+01
         vertex 3.805230e+01 -3.956547e+00 1.860000e+01
         vertex -3.870000e+01 -1.215977e+01 1.860000e+01
      endloop
   endfacet
   facet normal 0.000000e+00 0.000000e+00 1.000000e+00
      outer loop
         vertex 3.805230e+01 -3.956547e+00 1.860000e+01
         vertex 3.771581e+01 -3.800096e+00 1.860000e+01
         vertex -3.870000e+01 -1.215977e+01 1.860000e+01
      endloop
   endfacet
   facet normal 0.000000e+00 0.000000e+00 1.000000e+00
      outer loop
         vertex -3.870000e+01 -1.215977e+01 1.860000e+01
         vertex 3.771581e+01 -3.800096e+00 1.860000e+01
         vertex -3.870000e+01 -1.008640e+01 1.860000e+01
      endloop
   endfacet
   facet normal 0.000000e+00 0.000000e+00 1.000000e+00
      outer loop
         vertex 3.771581e+01 -3.800096e+00 1.860000e+01
         vertex 3.757981e+01 -3.454829e+00 1.860000e+01
         vertex -3.870000e+01 -1.008640e+01 1.860000e+01
      endloop
   endfacet
   facet normal 0.000000e+00 0.000000e+00 1.000000e+00
      outer loop
         vertex -3.870000e+01 -1.008640e+01 1.860000e+01
         vertex -3.805675e+01 -3.963099e+00 1.860000e+01
         vertex -4.109320e+01 -3.511145e+00 1.860000e+01
      endloop
   endfacet
   facet normal 0.000000e+00 0.000000e+00 1.000000e+00
      outer loop
         vertex -3.805675e+01 -3.963099e+00 1.860000e+01
         vertex -3.840720e+01 -3.841082e+00 1.860000e+01
         vertex -4.109320e+01 -3.511145e+00 1.860000e+01
      endloop
   endfacet
   facet normal 0.000000e+00 0.000000e+00 1.000000e+00
      outer loop
         vertex -4.109320e+01 -3.511145e+00 1.860000e+01
         vertex -3.840720e+01 -3.841082e+00 1.860000e+01
         vertex -3.857704e+01 -3.511145e+00 1.860000e+01
      endloop
   endfacet
   facet normal 0.000000e+00 0.000000e+00 1.000000e+00
      outer loop
         vertex -3.805675e+01 -3.963099e+00 1.860000e+01
         vertex -3.870000e+01 -1.008640e+01 1.860000e+01
         vertex -3.771872e+01 -3.809987e+00 1.860000e+01
      endloop
   endfacet
   facet normal 0.000000e+00 0.000000e+00 1.000000e+00
      outer loop
         vertex -3.870000e+01 -1.008640e+01 1.860000e+01
         vertex 3.757981e+01 -3.454829e+00 1.860000e+01
         vertex -3.771872e+01 -3.809987e+00 1.860000e+01
      endloop
   endfacet
   facet normal 0.000000e+00 0.000000e+00 1.000000e+00
      outer loop
         vertex -3.771872e+01 -3.809987e+00 1.860000e+01
         vertex 3.757981e+01 -3.454829e+00 1.860000e+01
         vertex -3.757931e+01 -3.466083e+00 1.860000e+01
      endloop
   endfacet
   facet normal 0.000000e+00 0.000000e+00 1.000000e+00
      outer loop
         vertex 3.757981e+01 -3.454829e+00 1.860000e+01
         vertex 3.771922e+01 -3.110925e+00 1.860000e+01
         vertex -3.757931e+01 -3.466083e+00 1.860000e+01
      endloop
   endfacet
   facet normal 0.000000e+00 0.000000e+00 1.000000e+00
      outer loop
         vertex -3.757931e+01 -3.466083e+00 1.860000e+01
         vertex 3.771922e+01 -3.110925e+00 1.860000e+01
         vertex -3.771531e+01 -3.120816e+00 1.860000e+01
      endloop
   endfacet
   facet normal 0.000000e+00 0.000000e+00 1.000000e+00
      outer loop
         vertex 3.771922e+01 -3.110925e+00 1.860000e+01
         vertex 3.805725e+01 -2.957813e+00 1.860000e+01
         vertex -3.771531e+01 -3.120816e+00 1.860000e+01
      endloop
   endfacet
   facet normal 0.000000e+00 0.000000e+00 1.000000e+00
      outer loop
         vertex -3.771531e+01 -3.120816e+00 1.860000e+01
         vertex 3.805725e+01 -2.957813e+00 1.860000e+01
         vertex -3.805180e+01 -2.964365e+00 1.860000e+01
      endloop
   endfacet
   facet normal 0.000000e+00 0.000000e+00 1.000000e+00
      outer loop
         vertex 3.857754e+01 -3.409767e+00 1.860000e+01
         vertex 4.113010e+01 -3.409767e+00 1.860000e+01
         vertex 3.840770e+01 -3.079830e+00 1.860000e+01
      endloop
   endfacet
   facet normal 0.000000e+00 0.000000e+00 1.000000e+00
      outer loop
         vertex 3.840770e+01 -3.079830e+00 1.860000e+01
         vertex 4.113010e+01 -3.409767e+00 1.860000e+01
         vertex 3.805725e+01 -2.957813e+00 1.860000e+01
      endloop
   endfacet
   facet normal 0.000000e+00 0.000000e+00 1.000000e+00
      outer loop
         vertex 4.113010e+01 -3.409767e+00 1.860000e+01
         vertex 5.357205e+01 3.077422e+01 1.860000e+01
         vertex 3.805725e+01 -2.957813e+00 1.860000e+01
      endloop
   endfacet
   facet normal 0.000000e+00 0.000000e+00 1.000000e+00
      outer loop
         vertex 3.805725e+01 -2.957813e+00 1.860000e+01
         vertex 5.357205e+01 3.077422e+01 1.860000e+01
         vertex -3.805180e+01 -2.964365e+00 1.860000e+01
      endloop
   endfacet
   facet normal 0.000000e+00 0.000000e+00 1.000000e+00
      outer loop
         vertex 5.357205e+01 3.077422e+01 1.860000e+01
         vertex 5.436025e+01 3.403937e+01 1.860000e+01
         vertex -3.805180e+01 -2.964365e+00 1.860000e+01
      endloop
   endfacet
   facet normal 0.000000e+00 0.000000e+00 1.000000e+00
      outer loop
         vertex -3.805180e+01 -2.964365e+00 1.860000e+01
         vertex 5.436025e+01 3.403937e+01 1.860000e+01
         vertex -3.840345e+01 -3.082906e+00 1.860000e+01
      endloop
   endfacet
   facet normal 0.000000e+00 0.000000e+00 1.000000e+00
      outer loop
         vertex 5.436025e+01 3.403937e+01 1.860000e+01
         vertex 5.440212e+01 3.739804e+01 1.860000e+01
         vertex -3.840345e+01 -3.082906e+00 1.860000e+01
      endloop
   endfacet
   facet normal 0.000000e+00 0.000000e+00 1.000000e+00
      outer loop
         vertex 5.440212e+01 3.739804e+01 1.860000e+01
         vertex 5.369557e+01 4.068182e+01 1.860000e+01
         vertex -3.840345e+01 -3.082906e+00 1.860000e+01
      endloop
   endfacet
   facet normal 0.000000e+00 0.000000e+00 1.000000e+00
      outer loop
         vertex 5.369557e+01 4.068182e+01 1.860000e+01
         vertex 5.227602e+01 4.372605e+01 1.860000e+01
         vertex -3.840345e+01 -3.082906e+00 1.860000e+01
      endloop
   endfacet
   facet normal 0.000000e+00 0.000000e+00 1.000000e+00
      outer loop
         vertex 5.227602e+01 4.372605e+01 1.860000e+01
         vertex 5.021466e+01 4.637808e+01 1.860000e+01
         vertex -3.840345e+01 -3.082906e+00 1.860000e+01
      endloop
   endfacet
   facet normal 0.000000e+00 0.000000e+00 1.000000e+00
      outer loop
         vertex 5.021466e+01 4.637808e+01 1.860000e+01
         vertex 4.761485e+01 4.850491e+01 1.860000e+01
         vertex -3.840345e+01 -3.082906e+00 1.860000e+01
      endloop
   endfacet
   facet normal 0.000000e+00 0.000000e+00 1.000000e+00
      outer loop
         vertex 4.761485e+01 4.850491e+01 1.860000e+01
         vertex 4.460696e+01 4.999991e+01 1.860000e+01
         vertex -3.840345e+01 -3.082906e+00 1.860000e+01
      endloop
   endfacet
   facet normal 0.000000e+00 0.000000e+00 1.000000e+00
      outer loop
         vertex 4.460696e+01 4.999991e+01 1.860000e+01
         vertex 3.859293e+01 5.218884e+01 1.860000e+01
         vertex -3.840345e+01 -3.082906e+00 1.860000e+01
      endloop
   endfacet
   facet normal -0.000000e+00 0.000000e+00 1.000000e+00
      outer loop
         vertex 3.859293e+01 5.218884e+01 1.860000e+01
         vertex 1.533787e+01 3.647623e+01 1.860000e+01
         vertex -3.840345e+01 -3.082906e+00 1.860000e+01
      endloop
   endfacet
   facet normal -0.000000e+00 0.000000e+00 1.000000e+00
      outer loop
         vertex 1.533787e+01 3.647623e+01 1.860000e+01
         vertex 1.499260e+01 3.634024e+01 1.860000e+01
         vertex -3.840345e+01 -3.082906e+00 1.860000e+01
      endloop
   endfacet
   facet normal 0.000000e+00 0.000000e+00 1.000000e+00
      outer loop
         vertex 1.499260e+01 3.634024e+01 1.860000e+01
         vertex 1.464869e+01 3.647965e+01 1.860000e+01
         vertex -3.840345e+01 -3.082906e+00 1.860000e+01
      endloop
   endfacet
   facet normal 0.000000e+00 0.000000e+00 1.000000e+00
      outer loop
         vertex 1.464869e+01 3.647965e+01 1.860000e+01
         vertex 1.449558e+01 3.681767e+01 1.860000e+01
         vertex -3.840345e+01 -3.082906e+00 1.860000e+01
      endloop
   endfacet
   facet normal 0.000000e+00 0.000000e+00 1.000000e+00
      outer loop
         vertex 1.449558e+01 3.681767e+01 1.860000e+01
         vertex 1.461760e+01 3.716813e+01 1.860000e+01
         vertex -3.840345e+01 -3.082906e+00 1.860000e+01
      endloop
   endfacet
   facet normal 0.000000e+00 0.000000e+00 1.000000e+00
      outer loop
         vertex 1.494754e+01 3.733797e+01 1.860000e+01
         vertex 1.494754e+01 3.984023e+01 1.860000e+01
         vertex 1.461760e+01 3.716813e+01 1.860000e+01
      endloop
   endfacet
   facet normal 0.000000e+00 0.000000e+00 1.000000e+00
      outer loop
         vertex 1.461760e+01 3.716813e+01 1.860000e+01
         vertex 1.494754e+01 3.984023e+01 1.860000e+01
         vertex -3.840345e+01 -3.082906e+00 1.860000e+01
      endloop
   endfacet
   facet normal -0.000000e+00 0.000000e+00 1.000000e+00
      outer loop
         vertex 1.494754e+01 3.984023e+01 1.860000e+01
         vertex -1.466213e+01 3.647623e+01 1.860000e+01
         vertex -3.840345e+01 -3.082906e+00 1.860000e+01
      endloop
   endfacet
   facet normal -0.000000e+00 0.000000e+00 1.000000e+00
      outer loop
         vertex -1.466213e+01 3.647623e+01 1.860000e+01
         vertex -1.500740e+01 3.634024e+01 1.860000e+01
         vertex -3.840345e+01 -3.082906e+00 1.860000e+01
      endloop
   endfacet
   facet normal 0.000000e+00 0.000000e+00 1.000000e+00
      outer loop
         vertex -1.500740e+01 3.634024e+01 1.860000e+01
         vertex -1.535131e+01 3.647965e+01 1.860000e+01
         vertex -3.840345e+01 -3.082906e+00 1.860000e+01
      endloop
   endfacet
   facet normal 0.000000e+00 0.000000e+00 1.000000e+00
      outer loop
         vertex -1.535131e+01 3.647965e+01 1.860000e+01
         vertex -1.550442e+01 3.681767e+01 1.860000e+01
         vertex -3.840345e+01 -3.082906e+00 1.860000e+01
      endloop
   endfacet
   facet normal 0.000000e+00 0.000000e+00 1.000000e+00
      outer loop
         vertex -1.550442e+01 3.681767e+01 1.860000e+01
         vertex -1.538240e+01 3.716813e+01 1.860000e+01
         vertex -3.840345e+01 -3.082906e+00 1.860000e+01
      endloop
   endfacet
   facet normal 0.000000e+00 0.000000e+00 1.000000e+00
      outer loop
         vertex -1.505246e+01 3.733797e+01 1.860000e+01
         vertex -1.505246e+01 3.984023e+01 1.860000e+01
         vertex -1.538240e+01 3.716813e+01 1.860000e+01
      endloop
   endfacet
   facet normal -0.000000e+00 0.000000e+00 1.000000e+00
      outer loop
         vertex -1.505246e+01 3.984023e+01 1.860000e+01
         vertex -1.813574e+01 3.984023e+01 1.860000e+01
         vertex -1.538240e+01 3.716813e+01 1.860000e+01
      endloop
   endfacet
   facet normal 0.000000e+00 0.000000e+00 1.000000e+00
      outer loop
         vertex -1.538240e+01 3.716813e+01 1.860000e+01
         vertex -1.813574e+01 3.984023e+01 1.860000e+01
         vertex -3.840345e+01 -3.082906e+00 1.860000e+01
      endloop
   endfacet
   facet normal 0.000000e+00 0.000000e+00 1.000000e+00
      outer loop
         vertex -1.813574e+01 3.984023e+01 1.860000e+01
         vertex -1.936724e+01 4.322375e+01 1.860000e+01
         vertex -3.840345e+01 -3.082906e+00 1.860000e+01
      endloop
   endfacet
   facet normal 0.000000e+00 0.000000e+00 1.000000e+00
      outer loop
         vertex -3.840345e+01 -3.082906e+00 1.860000e+01
         vertex -1.936724e+01 4.322375e+01 1.860000e+01
         vertex -3.857655e+01 -3.411145e+00 1.860000e+01
      endloop
   endfacet
   facet normal 0.000000e+00 0.000000e+00 1.000000e+00
      outer loop
         vertex -1.936724e+01 4.322375e+01 1.860000e+01
         vertex -2.086224e+01 4.623165e+01 1.860000e+01
         vertex -3.857655e+01 -3.411145e+00 1.860000e+01
      endloop
   endfacet
   facet normal 0.000000e+00 0.000000e+00 1.000000e+00
      outer loop
         vertex -3.857655e+01 -3.411145e+00 1.860000e+01
         vertex -2.086224e+01 4.623165e+01 1.860000e+01
         vertex -4.112959e+01 -3.411145e+00 1.860000e+01
      endloop
   endfacet
   facet normal 0.000000e+00 0.000000e+00 1.000000e+00
      outer loop
         vertex -2.086224e+01 4.623165e+01 1.860000e+01
         vertex -2.298907e+01 4.883146e+01 1.860000e+01
         vertex -4.112959e+01 -3.411145e+00 1.860000e+01
      endloop
   endfacet
   facet normal 0.000000e+00 0.000000e+00 1.000000e+00
      outer loop
         vertex -4.112959e+01 -3.411145e+00 1.860000e+01
         vertex -2.298907e+01 4.883146e+01 1.860000e+01
         vertex -5.357205e+01 3.077422e+01 1.860000e+01
      endloop
   endfacet
   facet normal 0.000000e+00 0.000000e+00 1.000000e+00
      outer loop
         vertex -2.298907e+01 4.883146e+01 1.860000e+01
         vertex -2.564110e+01 5.089281e+01 1.860000e+01
         vertex -5.357205e+01 3.077422e+01 1.860000e+01
      endloop
   endfacet
   facet normal 0.000000e+00 0.000000e+00 1.000000e+00
      outer loop
         vertex -5.357205e+01 3.077422e+01 1.860000e+01
         vertex -2.564110e+01 5.089281e+01 1.860000e+01
         vertex -5.436025e+01 3.403937e+01 1.860000e+01
      endloop
   endfacet
   facet normal 0.000000e+00 0.000000e+00 1.000000e+00
      outer loop
         vertex -2.564110e+01 5.089281e+01 1.860000e+01
         vertex -2.868533e+01 5.231236e+01 1.860000e+01
         vertex -5.436025e+01 3.403937e+01 1.860000e+01
      endloop
   endfacet
   facet normal 0.000000e+00 0.000000e+00 1.000000e+00
      outer loop
         vertex -5.436025e+01 3.403937e+01 1.860000e+01
         vertex -2.868533e+01 5.231236e+01 1.860000e+01
         vertex -5.440212e+01 3.739804e+01 1.860000e+01
      endloop
   endfacet
   facet normal 0.000000e+00 0.000000e+00 1.000000e+00
      outer loop
         vertex -2.868533e+01 5.231236e+01 1.860000e+01
         vertex -3.196911e+01 5.301891e+01 1.860000e+01
         vertex -5.440212e+01 3.739804e+01 1.860000e+01
      endloop
   endfacet
   facet normal 0.000000e+00 0.000000e+00 1.000000e+00
      outer loop
         vertex -5.440212e+01 3.739804e+01 1.860000e+01
         vertex -3.196911e+01 5.301891e+01 1.860000e+01
         vertex -5.369557e+01 4.068182e+01 1.860000e+01
      endloop
   endfacet
   facet normal -0.000000e+00 0.000000e+00 1.000000e+00
      outer loop
         vertex -3.196911e+01 5.301891e+01 1.860000e+01
         vertex -3.532778e+01 5.297704e+01 1.860000e+01
         vertex -5.369557e+01 4.068182e+01 1.860000e+01
      endloop
   endfacet
   facet normal 0.000000e+00 0.000000e+00 1.000000e+00
      outer loop
         vertex -5.369557e+01 4.068182e+01 1.860000e+01
         vertex -3.532778e+01 5.297704e+01 1.860000e+01
         vertex -5.227602e+01 4.372605e+01 1.860000e+01
      endloop
   endfacet
   facet normal -0.000000e+00 0.000000e+00 1.000000e+00
      outer loop
         vertex -3.532778e+01 5.297704e+01 1.860000e+01
         vertex -3.859293e+01 5.218884e+01 1.860000e+01
         vertex -5.227602e+01 4.372605e+01 1.860000e+01
      endloop
   endfacet
   facet normal 0.000000e+00 0.000000e+00 1.000000e+00
      outer loop
         vertex -5.227602e+01 4.372605e+01 1.860000e+01
         vertex -3.859293e+01 5.218884e+01 1.860000e+01
         vertex -5.021466e+01 4.637808e+01 1.860000e+01
      endloop
   endfacet
   facet normal -0.000000e+00 0.000000e+00 1.000000e+00
      outer loop
         vertex -3.859293e+01 5.218884e+01 1.860000e+01
         vertex -4.460696e+01 4.999991e+01 1.860000e+01
         vertex -5.021466e+01 4.637808e+01 1.860000e+01
      endloop
   endfacet
   facet normal 0.000000e+00 0.000000e+00 1.000000e+00
      outer loop
         vertex -5.021466e+01 4.637808e+01 1.860000e+01
         vertex -4.460696e+01 4.999991e+01 1.860000e+01
         vertex -4.761485e+01 4.850491e+01 1.860000e+01
      endloop
   endfacet
   facet normal 0.000000e+00 0.000000e+00 1.000000e+00
      outer loop
         vertex -1.466213e+01 3.647623e+01 1.860000e+01
         vertex 1.494754e+01 3.984023e+01 1.860000e+01
         vertex -1.450568e+01 3.681273e+01 1.860000e+01
      endloop
   endfacet
   facet normal -0.000000e+00 0.000000e+00 1.000000e+00
      outer loop
         vertex 1.494754e+01 3.984023e+01 1.860000e+01
         vertex -1.495246e+01 3.984023e+01 1.860000e+01
         vertex -1.450568e+01 3.681273e+01 1.860000e+01
      endloop
   endfacet
   facet normal 0.000000e+00 0.000000e+00 1.000000e+00
      outer loop
         vertex -1.450568e+01 3.681273e+01 1.860000e+01
         vertex -1.495246e+01 3.984023e+01 1.860000e+01
         vertex -1.462422e+01 3.716437e+01 1.860000e+01
      endloop
   endfacet
   facet normal -0.000000e+00 0.000000e+00 1.000000e+00
      outer loop
         vertex -1.495246e+01 3.984023e+01 1.860000e+01
         vertex -1.495246e+01 3.733747e+01 1.860000e+01
         vertex -1.462422e+01 3.716437e+01 1.860000e+01
      endloop
   endfacet
   facet normal 0.000000e+00 0.000000e+00 1.000000e+00
      outer loop
         vertex 1.533787e+01 3.647623e+01 1.860000e+01
         vertex 3.859293e+01 5.218884e+01 1.860000e+01
         vertex 1.549432e+01 3.681273e+01 1.860000e+01
      endloop
   endfacet
   facet normal 0.000000e+00 0.000000e+00 1.000000e+00
      outer loop
         vertex 3.859293e+01 5.218884e+01 1.860000e+01
         vertex 3.532778e+01 5.297704e+01 1.860000e+01
         vertex 1.549432e+01 3.681273e+01 1.860000e+01
      endloop
   endfacet
   facet normal 0.000000e+00 0.000000e+00 1.000000e+00
      outer loop
         vertex 1.549432e+01 3.681273e+01 1.860000e+01
         vertex 3.532778e+01 5.297704e+01 1.860000e+01
         vertex 1.537578e+01 3.716437e+01 1.860000e+01
      endloop
   endfacet
   facet normal 0.000000e+00 0.000000e+00 1.000000e+00
      outer loop
         vertex 3.532778e+01 5.297704e+01 1.860000e+01
         vertex 3.196911e+01 5.301891e+01 1.860000e+01
         vertex 1.537578e+01 3.716437e+01 1.860000e+01
      endloop
   endfacet
   facet normal 0.000000e+00 0.000000e+00 1.000000e+00
      outer loop
         vertex 1.537578e+01 3.716437e+01 1.860000e+01
         vertex 1.813574e+01 3.984023e+01 1.860000e+01
         vertex 1.504754e+01 3.733747e+01 1.860000e+01
      endloop
   endfacet
   facet normal -0.000000e+00 0.000000e+00 1.000000e+00
      outer loop
         vertex 1.813574e+01 3.984023e+01 1.860000e+01
         vertex 1.504754e+01 3.984023e+01 1.860000e+01
         vertex 1.504754e+01 3.733747e+01 1.860000e+01
      endloop
   endfacet
   facet normal 0.000000e+00 0.000000e+00 1.000000e+00
      outer loop
         vertex 1.537578e+01 3.716437e+01 1.860000e+01
         vertex 3.196911e+01 5.301891e+01 1.860000e+01
         vertex 1.813574e+01 3.984023e+01 1.860000e+01
      endloop
   endfacet
   facet normal -0.000000e+00 0.000000e+00 1.000000e+00
      outer loop
         vertex 3.196911e+01 5.301891e+01 1.860000e+01
         vertex 2.868533e+01 5.231236e+01 1.860000e+01
         vertex 1.813574e+01 3.984023e+01 1.860000e+01
      endloop
   endfacet
   facet normal 0.000000e+00 0.000000e+00 1.000000e+00
      outer loop
         vertex 1.813574e+01 3.984023e+01 1.860000e+01
         vertex 2.868533e+01 5.231236e+01 1.860000e+01
         vertex 1.936724e+01 4.322375e+01 1.860000e+01
      endloop
   endfacet
   facet normal -0.000000e+00 0.000000e+00 1.000000e+00
      outer loop
         vertex 2.868533e+01 5.231236e+01 1.860000e+01
         vertex 2.564110e+01 5.089281e+01 1.860000e+01
         vertex 1.936724e+01 4.322375e+01 1.860000e+01
      endloop
   endfacet
   facet normal 0.000000e+00 0.000000e+00 1.000000e+00
      outer loop
         vertex 1.936724e+01 4.322375e+01 1.860000e+01
         vertex 2.564110e+01 5.089281e+01 1.860000e+01
         vertex 2.086224e+01 4.623165e+01 1.860000e+01
      endloop
   endfacet
   facet normal -0.000000e+00 0.000000e+00 1.000000e+00
      outer loop
         vertex 2.564110e+01 5.089281e+01 1.860000e+01
         vertex 2.298907e+01 4.883146e+01 1.860000e+01
         vertex 2.086224e+01 4.623165e+01 1.860000e+01
      endloop
   endfacet
   facet normal 0.000000e+00 0.000000e+00 1.000000e+00
      outer loop
         vertex -4.270000e+01 -2.415977e+01 1.860000e+01
         vertex 4.109370e+01 -3.509767e+00 1.860000e+01
         vertex 3.805230e+01 -3.956547e+00 1.860000e+01
      endloop
   endfacet
   facet normal -0.000000e+00 0.000000e+00 1.000000e+00
      outer loop
         vertex 4.109370e+01 -3.509767e+00 1.860000e+01
         vertex 3.840395e+01 -3.838006e+00 1.860000e+01
         vertex 3.805230e+01 -3.956547e+00 1.860000e+01
      endloop
   endfacet
   facet normal 0.000000e+00 0.000000e+00 1.000000e+00
      outer loop
         vertex 3.840395e+01 -3.838006e+00 1.860000e+01
         vertex 4.109370e+01 -3.509767e+00 1.860000e+01
         vertex 3.857705e+01 -3.509767e+00 1.860000e+01
      endloop
   endfacet
   facet normal -1.000000e+00 0.000000e+00 0.000000e+00
      outer loop
         vertex -3.870000e+01 -2.415977e+01 1.860000e+01
         vertex -3.870000e+01 -3.215977e+01 1.610000e+01
         vertex -3.870000e+01 -5.495977e+01 1.860000e+01
      endloop
   endfacet
   facet normal -1.000000e+00 0.000000e+00 0.000000e+00
      outer loop
         vertex -3.870000e+01 -3.215977e+01 1.610000e+01
         vertex -3.870000e+01 -4.415977e+01 1.610000e+01
         vertex -3.870000e+01 -5.495977e+01 1.860000e+01
      endloop
   endfacet
   facet normal -1.000000e+00 -0.000000e+00 0.000000e+00
      outer loop
         vertex -3.870000e+01 -5.495977e+01 1.860000e+01
         vertex -3.870000e+01 -4.502579e+01 1.560000e+01
         vertex -3.870000e+01 -5.495977e+01 1.500000e+00
      endloop
   endfacet
   facet normal -1.000000e+00 -0.000000e+00 0.000000e+00
      outer loop
         vertex -3.870000e+01 -4.502579e+01 1.560000e+01
         vertex -3.870000e+01 -4.515977e+01 1.510000e+01
         vertex -3.870000e+01 -5.495977e+01 1.500000e+00
      endloop
   endfacet
   facet normal -1.000000e+00 0.000000e+00 -0.000000e+00
      outer loop
         vertex -3.870000e+01 -5.495977e+01 1.500000e+00
         vertex -3.870000e+01 -4.415977e+01 1.050000e+01
         vertex -3.870000e+01 3.749551e+00 1.500000e+00
      endloop
   endfacet
   facet normal -1.000000e+00 -0.000000e+00 -0.000000e+00
      outer loop
         vertex -3.870000e+01 -4.415977e+01 1.050000e+01
         vertex -3.870000e+01 -3.215977e+01 1.050000e+01
         vertex -3.870000e+01 3.749551e+00 1.500000e+00
      endloop
   endfacet
   facet normal -1.000000e+00 0.000000e+00 0.000000e+00
      outer loop
         vertex -3.870000e+01 3.749551e+00 1.500000e+00
         vertex -3.870000e+01 -3.215977e+01 1.050000e+01
         vertex -3.870000e+01 -2.315999e+00 3.211064e+00
      endloop
   endfacet
   facet normal -1.000000e+00 0.000000e+00 -0.000000e+00
      outer loop
         vertex -3.870000e+01 -3.215977e+01 1.050000e+01
         vertex -3.870000e+01 -3.165977e+01 1.063398e+01
         vertex -3.870000e+01 -2.315999e+00 3.211064e+00
      endloop
   endfacet
   facet normal -1.000000e+00 0.000000e+00 0.000000e+00
      outer loop
         vertex -3.870000e+01 -2.315999e+00 3.211064e+00
         vertex -3.870000e+01 -3.165977e+01 1.063398e+01
         vertex -3.870000e+01 -6.591242e+00 5.258770e+00
      endloop
   endfacet
   facet normal -1.000000e+00 0.000000e+00 -0.000000e+00
      outer loop
         vertex -3.870000e+01 -3.165977e+01 1.063398e+01
         vertex -3.870000e+01 -3.129374e+01 1.100000e+01
         vertex -3.870000e+01 -6.591242e+00 5.258770e+00
      endloop
   endfacet
   facet normal -1.000000e+00 0.000000e+00 0.000000e+00
      outer loop
         vertex -3.870000e+01 -6.591242e+00 5.258770e+00
         vertex -3.870000e+01 -3.129374e+01 1.100000e+01
         vertex -3.870000e+01 -9.076943e+00 7.395030e+00
      endloop
   endfacet
   facet normal -1.000000e+00 0.000000e+00 -0.000000e+00
      outer loop
         vertex -3.870000e+01 -3.129374e+01 1.100000e+01
         vertex -3.870000e+01 -3.115977e+01 1.150000e+01
         vertex -3.870000e+01 -9.076943e+00 7.395030e+00
      endloop
   endfacet
   facet normal -1.000000e+00 0.000000e+00 0.000000e+00
      outer loop
         vertex -3.870000e+01 -9.076943e+00 7.395030e+00
         vertex -3.870000e+01 -3.115977e+01 1.150000e+01
         vertex -3.870000e+01 -1.006614e+01 9.627767e+00
      endloop
   endfacet
   facet normal -1.000000e+00 0.000000e+00 -0.000000e+00
      outer loop
         vertex -3.870000e+01 -3.115977e+01 1.150000e+01
         vertex -3.870000e+01 -2.315977e+01 1.280000e+01
         vertex -3.870000e+01 -1.006614e+01 9.627767e+00
      endloop
   endfacet
   facet normal -1.000000e+00 0.000000e+00 0.000000e+00
      outer loop
         vertex -3.870000e+01 -1.006614e+01 9.627767e+00
         vertex -3.870000e+01 -2.315977e+01 1.280000e+01
         vertex -3.870000e+01 -1.008640e+01 1.000000e+01
      endloop
   endfacet
   facet normal -1.000000e+00 -0.000000e+00 -0.000000e+00
      outer loop
         vertex -3.870000e+01 -2.315977e+01 1.280000e+01
         vertex -3.870000e+01 -1.315977e+01 1.280000e+01
         vertex -3.870000e+01 -1.008640e+01 1.000000e+01
      endloop
   endfacet
   facet normal -1.000000e+00 0.000000e+00 0.000000e+00
      outer loop
         vertex -3.870000e+01 -1.008640e+01 1.000000e+01
         vertex -3.870000e+01 -1.229374e+01 1.330000e+01
         vertex -3.870000e+01 -1.008640e+01 1.860000e+01
      endloop
   endfacet
   facet normal -1.000000e+00 0.000000e+00 -0.000000e+00
      outer loop
         vertex -3.870000e+01 -1.229374e+01 1.330000e+01
         vertex -3.870000e+01 -1.215977e+01 1.380000e+01
         vertex -3.870000e+01 -1.008640e+01 1.860000e+01
      endloop
   endfacet
   facet normal -1.000000e+00 0.000000e+00 0.000000e+00
      outer loop
         vertex -3.870000e+01 -1.008640e+01 1.860000e+01
         vertex -3.870000e+01 -1.215977e+01 1.380000e+01
         vertex -3.870000e+01 -1.215977e+01 1.860000e+01
      endloop
   endfacet
   facet normal -1.000000e+00 0.000000e+00 0.000000e+00
      outer loop
         vertex -3.870000e+01 -1.229374e+01 1.330000e+01
         vertex -3.870000e+01 -1.008640e+01 1.000000e+01
         vertex -3.870000e+01 -1.265977e+01 1.293397e+01
      endloop
   endfacet
   facet normal -1.000000e+00 0.000000e+00 0.000000e+00
      outer loop
         vertex -3.870000e+01 -1.008640e+01 1.000000e+01
         vertex -3.870000e+01 -1.315977e+01 1.280000e+01
         vertex -3.870000e+01 -1.265977e+01 1.293397e+01
      endloop
   endfacet
   facet normal -1.000000e+00 0.000000e+00 0.000000e+00
      outer loop
         vertex -3.870000e+01 -2.315977e+01 1.280000e+01
         vertex -3.870000e+01 -3.115977e+01 1.150000e+01
         vertex -3.870000e+01 -2.386687e+01 1.309289e+01
      endloop
   endfacet
   facet normal -1.000000e+00 0.000000e+00 0.000000e+00
      outer loop
         vertex -3.870000e+01 -3.115977e+01 1.150000e+01
         vertex -3.870000e+01 -3.115977e+01 1.510000e+01
         vertex -3.870000e+01 -2.386687e+01 1.309289e+01
      endloop
   endfacet
   facet normal -1.000000e+00 0.000000e+00 0.000000e+00
      outer loop
         vertex -3.870000e+01 -2.386687e+01 1.309289e+01
         vertex -3.870000e+01 -3.115977e+01 1.510000e+01
         vertex -3.870000e+01 -2.415977e+01 1.380000e+01
      endloop
   endfacet
   facet normal -1.000000e+00 0.000000e+00 0.000000e+00
      outer loop
         vertex -3.870000e+01 -3.115977e+01 1.510000e+01
         vertex -3.870000e+01 -3.129374e+01 1.560000e+01
         vertex -3.870000e+01 -2.415977e+01 1.380000e+01
      endloop
   endfacet
   facet normal -1.000000e+00 0.000000e+00 0.000000e+00
      outer loop
         vertex -3.870000e+01 -2.415977e+01 1.380000e+01
         vertex -3.870000e+01 -3.129374e+01 1.560000e+01
         vertex -3.870000e+01 -2.415977e+01 1.860000e+01
      endloop
   endfacet
   facet normal -1.000000e+00 0.000000e+00 0.000000e+00
      outer loop
         vertex -3.870000e+01 -3.129374e+01 1.560000e+01
         vertex -3.870000e+01 -3.165977e+01 1.596603e+01
         vertex -3.870000e+01 -2.415977e+01 1.860000e+01
      endloop
   endfacet
   facet normal -1.000000e+00 0.000000e+00 0.000000e+00
      outer loop
         vertex -3.870000e+01 -2.415977e+01 1.860000e+01
         vertex -3.870000e+01 -3.165977e+01 1.596603e+01
         vertex -3.870000e+01 -3.215977e+01 1.610000e+01
      endloop
   endfacet
   facet normal -1.000000e+00 0.000000e+00 0.000000e+00
      outer loop
         vertex -3.870000e+01 -4.415977e+01 1.050000e+01
         vertex -3.870000e+01 -5.495977e+01 1.500000e+00
         vertex -3.870000e+01 -4.465977e+01 1.063398e+01
      endloop
   endfacet
   facet normal -1.000000e+00 0.000000e+00 0.000000e+00
      outer loop
         vertex -3.870000e+01 -4.465977e+01 1.063398e+01
         vertex -3.870000e+01 -5.495977e+01 1.500000e+00
         vertex -3.870000e+01 -4.502579e+01 1.100000e+01
      endloop
   endfacet
   facet normal -1.000000e+00 0.000000e+00 -0.000000e+00
      outer loop
         vertex -3.870000e+01 -5.495977e+01 1.500000e+00
         vertex -3.870000e+01 -4.515977e+01 1.150000e+01
         vertex -3.870000e+01 -4.502579e+01 1.100000e+01
      endloop
   endfacet
   facet normal -1.000000e+00 0.000000e+00 0.000000e+00
      outer loop
         vertex -3.870000e+01 -4.515977e+01 1.150000e+01
         vertex -3.870000e+01 -5.495977e+01 1.500000e+00
         vertex -3.870000e+01 -4.515977e+01 1.510000e+01
      endloop
   endfacet
   facet normal -1.000000e+00 0.000000e+00 0.000000e+00
      outer loop
         vertex -3.870000e+01 -4.502579e+01 1.560000e+01
         vertex -3.870000e+01 -5.495977e+01 1.860000e+01
         vertex -3.870000e+01 -4.465977e+01 1.596603e+01
      endloop
   endfacet
   facet normal -1.000000e+00 -0.000000e+00 0.000000e+00
      outer loop
         vertex -3.870000e+01 -5.495977e+01 1.860000e+01
         vertex -3.870000e+01 -4.415977e+01 1.610000e+01
         vertex -3.870000e+01 -4.465977e+01 1.596603e+01
      endloop
   endfacet
   facet normal -2.335485e-15 9.736367e-16 -1.000000e+00
      outer loop
         vertex 4.417512e+01 3.419442e+01 2.368476e-15
         vertex 3.720000e+01 1.503043e+01 0.000000e+00
         vertex 4.447190e+01 3.612262e+01 3.552714e-15
      endloop
   endfacet
   facet normal 0.000000e+00 0.000000e+00 -1.000000e+00
      outer loop
         vertex 3.720000e+01 -5.345977e+01 0.000000e+00
         vertex -3.720000e+01 -5.345977e+01 0.000000e+00
         vertex 3.720000e+01 1.503043e+01 0.000000e+00
      endloop
   endfacet
   facet normal -2.271517e-16 2.467519e-16 -1.000000e+00
      outer loop
         vertex 3.720000e+01 1.503043e+01 0.000000e+00
         vertex -3.720000e+01 -5.345977e+01 0.000000e+00
         vertex 4.447190e+01 3.612262e+01 3.552714e-15
      endloop
   endfacet
   facet normal 1.992762e-16 -1.420207e-16 -1.000000e+00
      outer loop
         vertex -3.720000e+01 -5.345977e+01 0.000000e+00
         vertex 2.513781e+01 2.984023e+01 5.921190e-16
         vertex 4.447190e+01 3.612262e+01 3.552714e-15
      endloop
   endfacet
   facet normal 1.418495e-16 3.471038e-17 -1.000000e+00
      outer loop
         vertex 4.447190e+01 3.612262e+01 3.552714e-15
         vertex 2.513781e+01 2.984023e+01 5.921190e-16
         vertex 4.400820e+01 3.801762e+01 3.552714e-15
      endloop
   endfacet
   facet normal 4.308805e-16 -6.322666e-16 -1.000000e+00
      outer loop
         vertex 2.513781e+01 2.984023e+01 5.921190e-16
         vertex 2.876416e+01 3.980355e+01 -4.144832e-15
         vertex 4.400820e+01 3.801762e+01 3.552714e-15
      endloop
   endfacet
   facet normal 5.524080e-16 4.050421e-16 -1.000000e+00
      outer loop
         vertex 4.400820e+01 3.801762e+01 3.552714e-15
         vertex 2.876416e+01 3.980355e+01 -4.144832e-15
         vertex 4.285461e+01 3.959091e+01 3.552714e-15
      endloop
   endfacet
   facet normal 5.147927e-16 -2.087480e-15 -1.000000e+00
      outer loop
         vertex 2.876416e+01 3.980355e+01 -4.144832e-15
         vertex 2.977624e+01 4.147141e+01 -7.105427e-15
         vertex 4.285461e+01 3.959091e+01 3.552714e-15
      endloop
   endfacet
   facet normal 8.475211e-16 2.265644e-16 -1.000000e+00
      outer loop
         vertex 4.285461e+01 3.959091e+01 3.552714e-15
         vertex 2.977624e+01 4.147141e+01 -7.105427e-15
         vertex 4.118676e+01 4.060299e+01 2.368476e-15
      endloop
   endfacet
   facet normal 7.522022e-16 -1.025875e-15 -1.000000e+00
      outer loop
         vertex 2.977624e+01 4.147141e+01 -7.105427e-15
         vertex 3.134954e+01 4.262499e+01 -7.105427e-15
         vertex 4.118676e+01 4.060299e+01 2.368476e-15
      endloop
   endfacet
   facet normal 6.796942e-16 -1.378633e-15 -1.000000e+00
      outer loop
         vertex 4.118676e+01 4.060299e+01 2.368476e-15
         vertex 3.134954e+01 4.262499e+01 -7.105427e-15
         vertex 3.517273e+01 4.279192e+01 -4.736952e-15
      endloop
   endfacet
   facet normal 7.540432e-16 -3.081511e-15 -1.000000e+00
      outer loop
         vertex 3.134954e+01 4.262499e+01 -7.105427e-15
         vertex 3.324453e+01 4.308870e+01 -7.105427e-15
         vertex 3.517273e+01 4.279192e+01 -4.736952e-15
      endloop
   endfacet
   facet normal 1.177746e-17 -1.705425e-18 -1.000000e+00
      outer loop
         vertex 2.513781e+01 2.984023e+01 5.921190e-16
         vertex -3.720000e+01 -5.345977e+01 0.000000e+00
         vertex -2.513781e+01 2.984023e+01 0.000000e+00
      endloop
   endfacet
   facet normal 0.000000e+00 0.000000e+00 -1.000000e+00
      outer loop
         vertex -3.720000e+01 -5.345977e+01 0.000000e+00
         vertex -3.720000e+01 1.503043e+01 0.000000e+00
         vertex -2.513781e+01 2.984023e+01 0.000000e+00
      endloop
   endfacet
   facet normal 2.017233e-16 -1.642982e-16 -1.000000e+00
      outer loop
         vertex -2.513781e+01 2.984023e+01 0.000000e+00
         vertex -3.720000e+01 1.503043e+01 0.000000e+00
         vertex -2.876416e+01 3.980355e+01 -2.368476e-15
      endloop
   endfacet
   facet normal -1.357097e-16 -4.939428e-17 -1.000000e+00
      outer loop
         vertex -3.720000e+01 1.503043e+01 0.000000e+00
         vertex -4.417512e+01 3.419442e+01 0.000000e+00
         vertex -2.876416e+01 3.980355e+01 -2.368476e-15
      endloop
   endfacet
   facet normal 8.579596e-17 -6.579760e-16 -1.000000e+00
      outer loop
         vertex -2.876416e+01 3.980355e+01 -2.368476e-15
         vertex -4.417512e+01 3.419442e+01 0.000000e+00
         vertex -2.977624e+01 4.147141e+01 -3.552714e-15
      endloop
   endfacet
   facet normal -2.289279e-16 -3.523559e-17 -1.000000e+00
      outer loop
         vertex -4.417512e+01 3.419442e+01 0.000000e+00
         vertex -4.447190e+01 3.612262e+01 0.000000e+00
         vertex -2.977624e+01 4.147141e+01 -3.552714e-15
      endloop
   endfacet
   facet normal -1.615568e-16 -2.203359e-16 -1.000000e+00
      outer loop
         vertex -2.977624e+01 4.147141e+01 -3.552714e-15
         vertex -4.447190e+01 3.612262e+01 0.000000e+00
         vertex -3.134954e+01 4.262499e+01 -3.552714e-15
      endloop
   endfacet
   facet normal -3.080946e-16 7.539034e-17 -1.000000e+00
      outer loop
         vertex -4.447190e+01 3.612262e+01 0.000000e+00
         vertex -4.400820e+01 3.801762e+01 0.000000e+00
         vertex -3.134954e+01 4.262499e+01 -3.552714e-15
      endloop
   endfacet
   facet normal -1.128297e-16 -4.610956e-16 -1.000000e+00
      outer loop
         vertex -3.134954e+01 4.262499e+01 -3.552714e-15
         vertex -4.400820e+01 3.801762e+01 0.000000e+00
         vertex -3.324453e+01 4.308870e+01 -3.552714e-15
      endloop
   endfacet
   facet normal -5.042600e-16 3.697385e-16 -1.000000e+00
      outer loop
         vertex -4.400820e+01 3.801762e+01 0.000000e+00
         vertex -4.285461e+01 3.959091e+01 0.000000e+00
         vertex -3.324453e+01 4.308870e+01 -3.552714e-15
      endloop
   endfacet
   facet normal -7.933087e-16 1.163893e-15 -1.000000e+00
      outer loop
         vertex -3.324453e+01 4.308870e+01 -3.552714e-15
         vertex -4.285461e+01 3.959091e+01 0.000000e+00
         vertex -3.517273e+01 4.279192e+01 -2.368476e-15
      endloop
   endfacet
   facet normal -9.840793e-16 1.621711e-15 -1.000000e+00
      outer loop
         vertex -4.285461e+01 3.959091e+01 0.000000e+00
         vertex -4.118676e+01 4.060299e+01 0.000000e+00
         vertex -3.517273e+01 4.279192e+01 -2.368476e-15
      endloop
   endfacet
   facet normal 1.000000e+00 0.000000e+00 0.000000e+00
      outer loop
         vertex 3.870000e+01 -3.315977e+01 1.860000e+01
         vertex 3.870000e+01 -3.315977e+01 1.360000e+01
         vertex 3.870000e+01 -1.008640e+01 1.860000e+01
      endloop
   endfacet
   facet normal 1.000000e+00 0.000000e+00 0.000000e+00
      outer loop
         vertex 3.870000e+01 -3.315977e+01 1.360000e+01
         vertex 3.870000e+01 -3.345266e+01 1.289289e+01
         vertex 3.870000e+01 -1.008640e+01 1.860000e+01
      endloop
   endfacet
   facet normal 1.000000e+00 -0.000000e+00 0.000000e+00
      outer loop
         vertex 3.870000e+01 -1.008640e+01 1.860000e+01
         vertex 3.870000e+01 -3.345266e+01 1.289289e+01
         vertex 3.870000e+01 -1.008640e+01 1.000000e+01
      endloop
   endfacet
   facet normal 1.000000e+00 -0.000000e+00 0.000000e+00
      outer loop
         vertex 3.870000e+01 -3.345266e+01 1.289289e+01
         vertex 3.870000e+01 -3.415977e+01 1.260000e+01
         vertex 3.870000e+01 -1.008640e+01 1.000000e+01
      endloop
   endfacet
   facet normal 1.000000e+00 0.000000e+00 0.000000e+00
      outer loop
         vertex 3.870000e+01 -1.008640e+01 1.000000e+01
         vertex 3.870000e+01 -3.415977e+01 1.260000e+01
         vertex 3.870000e+01 -1.006614e+01 9.627767e+00
      endloop
   endfacet
   facet normal 1.000000e+00 -0.000000e+00 0.000000e+00
      outer loop
         vertex 3.870000e+01 -3.415977e+01 1.260000e+01
         vertex 3.870000e+01 -4.215977e+01 1.260000e+01
         vertex 3.870000e+01 -1.006614e+01 9.627767e+00
      endloop
   endfacet
   facet normal 1.000000e+00 0.000000e+00 0.000000e+00
      outer loop
         vertex 3.870000e+01 -1.006614e+01 9.627767e+00
         vertex 3.870000e+01 -4.215977e+01 1.260000e+01
         vertex 3.870000e+01 -9.076943e+00 7.395030e+00
      endloop
   endfacet
   facet normal 1.000000e+00 -0.000000e+00 0.000000e+00
      outer loop
         vertex 3.870000e+01 -4.315977e+01 1.860000e+01
         vertex 3.870000e+01 -5.495977e+01 1.860000e+01
         vertex 3.870000e+01 -4.315977e+01 1.360000e+01
      endloop
   endfacet
   facet normal 1.000000e+00 0.000000e+00 0.000000e+00
      outer loop
         vertex 3.870000e+01 -4.315977e+01 1.360000e+01
         vertex 3.870000e+01 -5.495977e+01 1.860000e+01
         vertex 3.870000e+01 -4.302579e+01 1.310000e+01
      endloop
   endfacet
   facet normal 1.000000e+00 0.000000e+00 0.000000e+00
      outer loop
         vertex 3.870000e+01 -5.495977e+01 1.860000e+01
         vertex 3.870000e+01 -5.495977e+01 1.500000e+00
         vertex 3.870000e+01 -4.302579e+01 1.310000e+01
      endloop
   endfacet
   facet normal 1.000000e+00 0.000000e+00 0.000000e+00
      outer loop
         vertex 3.870000e+01 -4.302579e+01 1.310000e+01
         vertex 3.870000e+01 -5.495977e+01 1.500000e+00
         vertex 3.870000e+01 -4.265977e+01 1.273397e+01
      endloop
   endfacet
   facet normal 1.000000e+00 0.000000e+00 -0.000000e+00
      outer loop
         vertex 3.870000e+01 -5.495977e+01 1.500000e+00
         vertex 3.870000e+01 -4.502579e+01 7.300000e+00
         vertex 3.870000e+01 -4.265977e+01 1.273397e+01
      endloop
   endfacet
   facet normal 1.000000e+00 0.000000e+00 0.000000e+00
      outer loop
         vertex 3.870000e+01 -4.265977e+01 1.273397e+01
         vertex 3.870000e+01 -4.502579e+01 7.300000e+00
         vertex 3.870000e+01 -4.215977e+01 1.260000e+01
      endloop
   endfacet
   facet normal 1.000000e+00 0.000000e+00 -0.000000e+00
      outer loop
         vertex 3.870000e+01 -4.502579e+01 7.300000e+00
         vertex 3.870000e+01 -4.465977e+01 7.666026e+00
         vertex 3.870000e+01 -4.215977e+01 1.260000e+01
      endloop
   endfacet
   facet normal 1.000000e+00 -0.000000e+00 -0.000000e+00
      outer loop
         vertex 3.870000e+01 -4.215977e+01 1.260000e+01
         vertex 3.870000e+01 -3.215977e+01 7.800000e+00
         vertex 3.870000e+01 -9.076943e+00 7.395030e+00
      endloop
   endfacet
   facet normal 1.000000e+00 -0.000000e+00 -0.000000e+00
      outer loop
         vertex 3.870000e+01 -3.215977e+01 7.800000e+00
         vertex 3.870000e+01 -3.165977e+01 7.666026e+00
         vertex 3.870000e+01 -9.076943e+00 7.395030e+00
      endloop
   endfacet
   facet normal 1.000000e+00 0.000000e+00 0.000000e+00
      outer loop
         vertex 3.870000e+01 -9.076943e+00 7.395030e+00
         vertex 3.870000e+01 -3.165977e+01 7.666026e+00
         vertex 3.870000e+01 -6.591242e+00 5.258770e+00
      endloop
   endfacet
   facet normal 1.000000e+00 -0.000000e+00 -0.000000e+00
      outer loop
         vertex 3.870000e+01 -3.165977e+01 7.666026e+00
         vertex 3.870000e+01 -3.129374e+01 7.300000e+00
         vertex 3.870000e+01 -6.591242e+00 5.258770e+00
      endloop
   endfacet
   facet normal 1.000000e+00 0.000000e+00 0.000000e+00
      outer loop
         vertex 3.870000e+01 -6.591242e+00 5.258770e+00
         vertex 3.870000e+01 -3.129374e+01 7.300000e+00
         vertex 3.870000e+01 -2.315999e+00 3.211064e+00
      endloop
   endfacet
   facet normal 1.000000e+00 -0.000000e+00 -0.000000e+00
      outer loop
         vertex 3.870000e+01 -3.129374e+01 7.300000e+00
         vertex 3.870000e+01 -3.115977e+01 6.800000e+00
         vertex 3.870000e+01 -2.315999e+00 3.211064e+00
      endloop
   endfacet
   facet normal 1.000000e+00 0.000000e+00 0.000000e+00
      outer loop
         vertex 3.870000e+01 -2.315999e+00 3.211064e+00
         vertex 3.870000e+01 -3.115977e+01 6.800000e+00
         vertex 3.870000e+01 3.749551e+00 1.500000e+00
      endloop
   endfacet
   facet normal 1.000000e+00 -0.000000e+00 0.000000e+00
      outer loop
         vertex 3.870000e+01 -3.115977e+01 6.800000e+00
         vertex 3.870000e+01 -3.115977e+01 3.600000e+00
         vertex 3.870000e+01 3.749551e+00 1.500000e+00
      endloop
   endfacet
   facet normal 1.000000e+00 0.000000e+00 0.000000e+00
      outer loop
         vertex 3.870000e+01 3.749551e+00 1.500000e+00
         vertex 3.870000e+01 -3.215977e+01 2.600000e+00
         vertex 3.870000e+01 -5.495977e+01 1.500000e+00
      endloop
   endfacet
   facet normal 1.000000e+00 -0.000000e+00 0.000000e+00
      outer loop
         vertex 3.870000e+01 -3.215977e+01 2.600000e+00
         vertex 3.870000e+01 -4.415977e+01 2.600000e+00
         vertex 3.870000e+01 -5.495977e+01 1.500000e+00
      endloop
   endfacet
   facet normal 1.000000e+00 0.000000e+00 0.000000e+00
      outer loop
         vertex 3.870000e+01 -3.215977e+01 2.600000e+00
         vertex 3.870000e+01 3.749551e+00 1.500000e+00
         vertex 3.870000e+01 -3.145266e+01 2.892893e+00
      endloop
   endfacet
   facet normal 1.000000e+00 0.000000e+00 0.000000e+00
      outer loop
         vertex 3.870000e+01 3.749551e+00 1.500000e+00
         vertex 3.870000e+01 -3.115977e+01 3.600000e+00
         vertex 3.870000e+01 -3.145266e+01 2.892893e+00
      endloop
   endfacet
   facet normal 1.000000e+00 0.000000e+00 0.000000e+00
      outer loop
         vertex 3.870000e+01 -3.215977e+01 7.800000e+00
         vertex 3.870000e+01 -4.215977e+01 1.260000e+01
         vertex 3.870000e+01 -4.415977e+01 7.800000e+00
      endloop
   endfacet
   facet normal 1.000000e+00 0.000000e+00 0.000000e+00
      outer loop
         vertex 3.870000e+01 -4.215977e+01 1.260000e+01
         vertex 3.870000e+01 -4.465977e+01 7.666026e+00
         vertex 3.870000e+01 -4.415977e+01 7.800000e+00
      endloop
   endfacet
   facet normal 1.000000e+00 0.000000e+00 0.000000e+00
      outer loop
         vertex 3.870000e+01 -4.502579e+01 7.300000e+00
         vertex 3.870000e+01 -5.495977e+01 1.500000e+00
         vertex 3.870000e+01 -4.515977e+01 6.800000e+00
      endloop
   endfacet
   facet normal 1.000000e+00 0.000000e+00 0.000000e+00
      outer loop
         vertex 3.870000e+01 -4.515977e+01 6.800000e+00
         vertex 3.870000e+01 -5.495977e+01 1.500000e+00
         vertex 3.870000e+01 -4.515977e+01 3.600000e+00
      endloop
   endfacet
   facet normal 1.000000e+00 0.000000e+00 0.000000e+00
      outer loop
         vertex 3.870000e+01 -5.495977e+01 1.500000e+00
         vertex 3.870000e+01 -4.502579e+01 3.100000e+00
         vertex 3.870000e+01 -4.515977e+01 3.600000e+00
      endloop
   endfacet
   facet normal 1.000000e+00 0.000000e+00 0.000000e+00
      outer loop
         vertex 3.870000e+01 -4.502579e+01 3.100000e+00
         vertex 3.870000e+01 -5.495977e+01 1.500000e+00
         vertex 3.870000e+01 -4.465977e+01 2.733975e+00
      endloop
   endfacet
   facet normal 1.000000e+00 0.000000e+00 0.000000e+00
      outer loop
         vertex 3.870000e+01 -5.495977e+01 1.500000e+00
         vertex 3.870000e+01 -4.415977e+01 2.600000e+00
         vertex 3.870000e+01 -4.465977e+01 2.733975e+00
      endloop
   endfacet
   facet normal 0.000000e+00 -1.000000e+00 0.000000e+00
      outer loop
         vertex 3.870000e+01 -4.315977e+01 1.860000e+01
         vertex 3.870000e+01 -4.315977e+01 1.360000e+01
         vertex 4.270000e+01 -4.315977e+01 1.360000e+01
      endloop
   endfacet
   facet normal 0.000000e+00 -1.000000e+00 0.000000e+00
      outer loop
         vertex 3.870000e+01 -4.315977e+01 1.860000e+01
         vertex 4.270000e+01 -4.315977e+01 1.360000e+01
         vertex 4.270000e+01 -4.315977e+01 1.860000e+01
      endloop
   endfacet
   facet normal 1.000000e+00 0.000000e+00 0.000000e+00
      outer loop
         vertex 4.270000e+01 -4.215977e+01 1.260000e+01
         vertex 4.270000e+01 -3.415977e+01 1.260000e+01
         vertex 4.270000e+01 -4.265977e+01 1.273397e+01
      endloop
   endfacet
   facet normal 1.000000e+00 0.000000e+00 0.000000e+00
      outer loop
         vertex 4.270000e+01 -3.415977e+01 1.260000e+01
         vertex 4.270000e+01 -3.365977e+01 1.273397e+01
         vertex 4.270000e+01 -4.265977e+01 1.273397e+01
      endloop
   endfacet
   facet normal 1.000000e+00 0.000000e+00 0.000000e+00
      outer loop
         vertex 4.270000e+01 -4.265977e+01 1.273397e+01
         vertex 4.270000e+01 -3.365977e+01 1.273397e+01
         vertex 4.270000e+01 -4.302579e+01 1.310000e+01
      endloop
   endfacet
   facet normal 1.000000e+00 0.000000e+00 0.000000e+00
      outer loop
         vertex 4.270000e+01 -3.365977e+01 1.273397e+01
         vertex 4.270000e+01 -3.329374e+01 1.310000e+01
         vertex 4.270000e+01 -4.302579e+01 1.310000e+01
      endloop
   endfacet
   facet normal 1.000000e+00 0.000000e+00 0.000000e+00
      outer loop
         vertex 4.270000e+01 -4.302579e+01 1.310000e+01
         vertex 4.270000e+01 -3.329374e+01 1.310000e+01
         vertex 4.270000e+01 -4.315977e+01 1.360000e+01
      endloop
   endfacet
   facet normal 1.000000e+00 0.000000e+00 0.000000e+00
      outer loop
         vertex 4.270000e+01 -3.329374e+01 1.310000e+01
         vertex 4.270000e+01 -3.315977e+01 1.360000e+01
         vertex 4.270000e+01 -4.315977e+01 1.360000e+01
      endloop
   endfacet
   facet normal 1.000000e+00 0.000000e+00 0.000000e+00
      outer loop
         vertex 4.270000e+01 -4.315977e+01 1.360000e+01
         vertex 4.270000e+01 -3.315977e+01 1.360000e+01
         vertex 4.270000e+01 -4.315977e+01 1.860000e+01
      endloop
   endfacet
   facet normal 1.000000e+00 0.000000e+00 0.000000e+00
      outer loop
         vertex 4.270000e+01 -3.315977e+01 1.360000e+01
         vertex 4.270000e+01 -3.315977e+01 1.860000e+01
         vertex 4.270000e+01 -4.315977e+01 1.860000e+01
      endloop
   endfacet
   facet normal 0.000000e+00 1.000000e+00 -0.000000e+00
      outer loop
         vertex 4.270000e+01 -3.315977e+01 1.860000e+01
         vertex 4.270000e+01 -3.315977e+01 1.360000e+01
         vertex 3.870000e+01 -3.315977e+01 1.360000e+01
      endloop
   endfacet
   facet normal 0.000000e+00 1.000000e+00 0.000000e+00
      outer loop
         vertex 4.270000e+01 -3.315977e+01 1.860000e+01
         vertex 3.870000e+01 -3.315977e+01 1.360000e+01
         vertex 3.870000e+01 -3.315977e+01 1.860000e+01
      endloop
   endfacet
   facet normal 9.396926e-01 -3.420201e-01 0.000000e+00
      outer loop
         vertex 5.357205e+01 3.077422e+01 1.860000e+01
         vertex 4.113010e+01 -3.409767e+00 1.860000e+01
         vertex 5.357205e+01 3.077422e+01 1.000000e+01
      endloop
   endfacet
   facet normal 9.396926e-01 -3.420201e-01 0.000000e+00
      outer loop
         vertex 4.113010e+01 -3.409767e+00 1.860000e+01
         vertex 4.113010e+01 -3.409767e+00 1.360000e+01
         vertex 5.357205e+01 3.077422e+01 1.000000e+01
      endloop
   endfacet
   facet normal 9.396926e-01 -3.420201e-01 -2.699593e-07
      outer loop
         vertex 5.357205e+01 3.077422e+01 1.000000e+01
         vertex 4.113010e+01 -3.409767e+00 1.360000e+01
         vertex 3.870000e+01 -1.008640e+01 1.000000e+01
      endloop
   endfacet
   facet normal 9.396837e-01 -3.420445e-01 5.103490e-05
      outer loop
         vertex 4.113010e+01 -3.409767e+00 1.360000e+01
         vertex 4.109370e+01 -3.509767e+00 1.360000e+01
         vertex 3.870000e+01 -1.008640e+01 1.000000e+01
      endloop
   endfacet
   facet normal 9.396927e-01 -3.420199e-01 0.000000e+00
      outer loop
         vertex 3.870000e+01 -1.008640e+01 1.000000e+01
         vertex 4.109370e+01 -3.509767e+00 1.360000e+01
         vertex 3.870000e+01 -1.008640e+01 1.860000e+01
      endloop
   endfacet
   facet normal 9.396927e-01 -3.420199e-01 0.000000e+00
      outer loop
         vertex 4.109370e+01 -3.509767e+00 1.360000e+01
         vertex 4.109370e+01 -3.509767e+00 1.860000e+01
         vertex 3.870000e+01 -1.008640e+01 1.860000e+01
      endloop
   endfacet
   facet normal -0.000000e+00 1.000000e+00 0.000000e+00
      outer loop
         vertex 3.857705e+01 -3.509767e+00 1.360000e+01
         vertex 3.857705e+01 -3.509767e+00 1.860000e+01
         vertex 4.109370e+01 -3.509767e+00 1.860000e+01
      endloop
   endfacet
   facet normal 0.000000e+00 1.000000e+00 0.000000e+00
      outer loop
         vertex 4.109370e+01 -3.509767e+00 1.360000e+01
         vertex 3.857705e+01 -3.509767e+00 1.360000e+01
         vertex 4.109370e+01 -3.509767e+00 1.860000e+01
      endloop
   endfacet
   facet normal -8.891124e-01 -4.576890e-01 0.000000e+00
      outer loop
         vertex 3.840770e+01 -3.079830e+00 1.860000e+01
         vertex 3.840770e+01 -3.079830e+00 1.360000e+01
         vertex 3.857754e+01 -3.409767e+00 1.360000e+01
      endloop
   endfacet
   facet normal -8.891124e-01 -4.576890e-01 0.000000e+00
      outer loop
         vertex 3.857754e+01 -3.409767e+00 1.860000e+01
         vertex 3.840770e+01 -3.079830e+00 1.860000e+01
         vertex 3.857754e+01 -3.409767e+00 1.360000e+01
      endloop
   endfacet
   facet normal -3.288106e-01 -9.443959e-01 0.000000e+00
      outer loop
         vertex 3.805725e+01 -2.957813e+00 1.860000e+01
         vertex 3.805725e+01 -2.957813e+00 1.360000e+01
         vertex 3.840770e+01 -3.079830e+00 1.360000e+01
      endloop
   endfacet
   facet normal -3.288106e-01 -9.443959e-01 0.000000e+00
      outer loop
         vertex 3.840770e+01 -3.079830e+00 1.860000e+01
         vertex 3.805725e+01 -2.957813e+00 1.860000e+01
         vertex 3.840770e+01 -3.079830e+00 1.360000e+01
      endloop
   endfacet
   facet normal 4.126063e-01 -9.109095e-01 0.000000e+00
      outer loop
         vertex 3.771922e+01 -3.110925e+00 1.860000e+01
         vertex 3.771922e+01 -3.110925e+00 1.360000e+01
         vertex 3.805725e+01 -2.957813e+00 1.360000e+01
      endloop
   endfacet
   facet normal 4.126063e-01 -9.109095e-01 0.000000e+00
      outer loop
         vertex 3.805725e+01 -2.957813e+00 1.860000e+01
         vertex 3.771922e+01 -3.110925e+00 1.860000e+01
         vertex 3.805725e+01 -2.957813e+00 1.360000e+01
      endloop
   endfacet
   facet normal 9.267508e-01 -3.756765e-01 0.000000e+00
      outer loop
         vertex 3.757981e+01 -3.454829e+00 1.860000e+01
         vertex 3.757981e+01 -3.454829e+00 1.360000e+01
         vertex 3.771922e+01 -3.110925e+00 1.360000e+01
      endloop
   endfacet
   facet normal 9.267508e-01 -3.756765e-01 0.000000e+00
      outer loop
         vertex 3.771922e+01 -3.110925e+00 1.860000e+01
         vertex 3.757981e+01 -3.454829e+00 1.860000e+01
         vertex 3.771922e+01 -3.110925e+00 1.360000e+01
      endloop
   endfacet
   facet normal 9.304272e-01 3.664769e-01 -0.000000e+00
      outer loop
         vertex 3.771581e+01 -3.800096e+00 1.860000e+01
         vertex 3.771581e+01 -3.800096e+00 1.360000e+01
         vertex 3.757981e+01 -3.454829e+00 1.360000e+01
      endloop
   endfacet
   facet normal 9.304272e-01 3.664769e-01 0.000000e+00
      outer loop
         vertex 3.757981e+01 -3.454829e+00 1.860000e+01
         vertex 3.771581e+01 -3.800096e+00 1.860000e+01
         vertex 3.757981e+01 -3.454829e+00 1.360000e+01
      endloop
   endfacet
   facet normal 4.216021e-01 9.067809e-01 -0.000000e+00
      outer loop
         vertex 3.805230e+01 -3.956547e+00 1.860000e+01
         vertex 3.805230e+01 -3.956547e+00 1.360000e+01
         vertex 3.771581e+01 -3.800096e+00 1.360000e+01
      endloop
   endfacet
   facet normal 4.216021e-01 9.067809e-01 0.000000e+00
      outer loop
         vertex 3.771581e+01 -3.800096e+00 1.860000e+01
         vertex 3.805230e+01 -3.956547e+00 1.860000e+01
         vertex 3.771581e+01 -3.800096e+00 1.360000e+01
      endloop
   endfacet
   facet normal -3.194444e-01 9.476050e-01 0.000000e+00
      outer loop
         vertex 3.840395e+01 -3.838006e+00 1.860000e+01
         vertex 3.840395e+01 -3.838006e+00 1.360000e+01
         vertex 3.805230e+01 -3.956547e+00 1.360000e+01
      endloop
   endfacet
   facet normal -3.194444e-01 9.476050e-01 0.000000e+00
      outer loop
         vertex 3.805230e+01 -3.956547e+00 1.860000e+01
         vertex 3.840395e+01 -3.838006e+00 1.860000e+01
         vertex 3.805230e+01 -3.956547e+00 1.360000e+01
      endloop
   endfacet
   facet normal -8.845337e-01 4.664764e-01 0.000000e+00
      outer loop
         vertex 3.857705e+01 -3.509767e+00 1.860000e+01
         vertex 3.857705e+01 -3.509767e+00 1.360000e+01
         vertex 3.840395e+01 -3.838006e+00 1.360000e+01
      endloop
   endfacet
   facet normal -8.845337e-01 4.664764e-01 0.000000e+00
      outer loop
         vertex 3.840395e+01 -3.838006e+00 1.860000e+01
         vertex 3.857705e+01 -3.509767e+00 1.860000e+01
         vertex 3.840395e+01 -3.838006e+00 1.360000e+01
      endloop
   endfacet
   facet normal -0.000000e+00 -1.000000e+00 -0.000000e+00
      outer loop
         vertex 4.113010e+01 -3.409767e+00 1.360000e+01
         vertex 4.113010e+01 -3.409767e+00 1.860000e+01
         vertex 3.857754e+01 -3.409767e+00 1.860000e+01
      endloop
   endfacet
   facet normal 0.000000e+00 -1.000000e+00 0.000000e+00
      outer loop
         vertex 3.857754e+01 -3.409767e+00 1.360000e+01
         vertex 4.113010e+01 -3.409767e+00 1.360000e+01
         vertex 3.857754e+01 -3.409767e+00 1.860000e+01
      endloop
   endfacet
   facet normal 4.450818e-01 8.954899e-01 -0.000000e+00
      outer loop
         vertex 4.761485e+01 4.850491e+01 1.860000e+01
         vertex 4.761485e+01 4.850491e+01 1.000000e+01
         vertex 4.460696e+01 4.999991e+01 1.000000e+01
      endloop
   endfacet
   facet normal 4.450818e-01 8.954899e-01 0.000000e+00
      outer loop
         vertex 4.460696e+01 4.999991e+01 1.860000e+01
         vertex 4.761485e+01 4.850491e+01 1.860000e+01
         vertex 4.460696e+01 4.999991e+01 1.000000e+01
      endloop
   endfacet
   facet normal 6.331872e-01 7.739987e-01 -0.000000e+00
      outer loop
         vertex 5.021466e+01 4.637808e+01 1.860000e+01
         vertex 5.021466e+01 4.637808e+01 1.000000e+01
         vertex 4.761485e+01 4.850491e+01 1.000000e+01
      endloop
   endfacet
   facet normal 6.331872e-01 7.739987e-01 0.000000e+00
      outer loop
         vertex 4.761485e+01 4.850491e+01 1.860000e+01
         vertex 5.021466e+01 4.637808e+01 1.860000e+01
         vertex 4.761485e+01 4.850491e+01 1.000000e+01
      endloop
   endfacet
   facet normal 7.895438e-01 6.136942e-01 -0.000000e+00
      outer loop
         vertex 5.227602e+01 4.372605e+01 1.860000e+01
         vertex 5.227602e+01 4.372605e+01 1.000000e+01
         vertex 5.021466e+01 4.637808e+01 1.000000e+01
      endloop
   endfacet
   facet normal 7.895438e-01 6.136942e-01 0.000000e+00
      outer loop
         vertex 5.021466e+01 4.637808e+01 1.860000e+01
         vertex 5.227602e+01 4.372605e+01 1.860000e+01
         vertex 5.021466e+01 4.637808e+01 1.000000e+01
      endloop
   endfacet
   facet normal 9.063076e-01 4.226186e-01 -0.000000e+00
      outer loop
         vertex 5.369557e+01 4.068182e+01 1.860000e+01
         vertex 5.369557e+01 4.068182e+01 1.000000e+01
         vertex 5.227602e+01 4.372605e+01 1.000000e+01
      endloop
   endfacet
   facet normal 9.063076e-01 4.226186e-01 0.000000e+00
      outer loop
         vertex 5.227602e+01 4.372605e+01 1.860000e+01
         vertex 5.369557e+01 4.068182e+01 1.860000e+01
         vertex 5.227602e+01 4.372605e+01 1.000000e+01
      endloop
   endfacet
   facet normal 9.776262e-01 2.103496e-01 -0.000000e+00
      outer loop
         vertex 5.440212e+01 3.739804e+01 1.860000e+01
         vertex 5.440212e+01 3.739804e+01 1.000000e+01
         vertex 5.369557e+01 4.068182e+01 1.000000e+01
      endloop
   endfacet
   facet normal 9.776262e-01 2.103496e-01 0.000000e+00
      outer loop
         vertex 5.369557e+01 4.068182e+01 1.860000e+01
         vertex 5.440212e+01 3.739804e+01 1.860000e+01
         vertex 5.369557e+01 4.068182e+01 1.000000e+01
      endloop
   endfacet
   facet normal 9.999223e-01 -1.246643e-02 0.000000e+00
      outer loop
         vertex 5.436025e+01 3.403937e+01 1.860000e+01
         vertex 5.436025e+01 3.403937e+01 1.000000e+01
         vertex 5.440212e+01 3.739804e+01 1.000000e+01
      endloop
   endfacet
   facet normal 9.999223e-01 -1.246643e-02 0.000000e+00
      outer loop
         vertex 5.440212e+01 3.739804e+01 1.860000e+01
         vertex 5.436025e+01 3.403937e+01 1.860000e+01
         vertex 5.440212e+01 3.739804e+01 1.000000e+01
      endloop
   endfacet
   facet normal 9.720780e-01 -2.346579e-01 0.000000e+00
      outer loop
         vertex 5.357205e+01 3.077422e+01 1.860000e+01
         vertex 5.357205e+01 3.077422e+01 1.000000e+01
         vertex 5.436025e+01 3.403937e+01 1.000000e+01
      endloop
   endfacet
   facet normal 9.720780e-01 -2.346579e-01 0.000000e+00
      outer loop
         vertex 5.436025e+01 3.403937e+01 1.860000e+01
         vertex 5.357205e+01 3.077422e+01 1.860000e+01
         vertex 5.436025e+01 3.403937e+01 1.000000e+01
      endloop
   endfacet
   facet normal 3.420203e-01 9.396926e-01 -0.000000e+00
      outer loop
         vertex 4.460696e+01 4.999991e+01 1.860000e+01
         vertex 4.460696e+01 4.999991e+01 1.000000e+01
         vertex 3.859293e+01 5.218884e+01 1.000000e+01
      endloop
   endfacet
   facet normal 3.420203e-01 9.396926e-01 -0.000000e+00
      outer loop
         vertex 4.460696e+01 4.999991e+01 1.860000e+01
         vertex 3.859293e+01 5.218884e+01 1.000000e+01
         vertex 3.859293e+01 5.218884e+01 1.860000e+01
      endloop
   endfacet
   facet normal -8.954899e-01 4.450818e-01 0.000000e+00
      outer loop
         vertex 2.086224e+01 4.623165e+01 1.860000e+01
         vertex 2.086224e+01 4.623165e+01 1.000000e+01
         vertex 1.936724e+01 4.322375e+01 1.000000e+01
      endloop
   endfacet
   facet normal -8.954899e-01 4.450818e-01 0.000000e+00
      outer loop
         vertex 1.936724e+01 4.322375e+01 1.860000e+01
         vertex 2.086224e+01 4.623165e+01 1.860000e+01
         vertex 1.936724e+01 4.322375e+01 1.000000e+01
      endloop
   endfacet
   facet normal -7.739980e-01 6.331881e-01 0.000000e+00
      outer loop
         vertex 2.298907e+01 4.883146e+01 1.860000e+01
         vertex 2.298907e+01 4.883146e+01 1.000000e+01
         vertex 2.086224e+01 4.623165e+01 1.000000e+01
      endloop
   endfacet
   facet normal -7.739980e-01 6.331881e-01 0.000000e+00
      outer loop
         vertex 2.086224e+01 4.623165e+01 1.860000e+01
         vertex 2.298907e+01 4.883146e+01 1.860000e+01
         vertex 2.086224e+01 4.623165e+01 1.000000e+01
      endloop
   endfacet
   facet normal -6.136944e-01 7.895436e-01 0.000000e+00
      outer loop
         vertex 2.564110e+01 5.089281e+01 1.860000e+01
         vertex 2.564110e+01 5.089281e+01 1.000000e+01
         vertex 2.298907e+01 4.883146e+01 1.000000e+01
      endloop
   endfacet
   facet normal -6.136944e-01 7.895436e-01 0.000000e+00
      outer loop
         vertex 2.298907e+01 4.883146e+01 1.860000e+01
         vertex 2.564110e+01 5.089281e+01 1.860000e+01
         vertex 2.298907e+01 4.883146e+01 1.000000e+01
      endloop
   endfacet
   facet normal -4.226186e-01 9.063076e-01 0.000000e+00
      outer loop
         vertex 2.868533e+01 5.231236e+01 1.860000e+01
         vertex 2.868533e+01 5.231236e+01 1.000000e+01
         vertex 2.564110e+01 5.089281e+01 1.000000e+01
      endloop
   endfacet
   facet normal -4.226186e-01 9.063076e-01 0.000000e+00
      outer loop
         vertex 2.564110e+01 5.089281e+01 1.860000e+01
         vertex 2.868533e+01 5.231236e+01 1.860000e+01
         vertex 2.564110e+01 5.089281e+01 1.000000e+01
      endloop
   endfacet
   facet normal -2.103496e-01 9.776262e-01 0.000000e+00
      outer loop
         vertex 3.196911e+01 5.301891e+01 1.860000e+01
         vertex 3.196911e+01 5.301891e+01 1.000000e+01
         vertex 2.868533e+01 5.231236e+01 1.000000e+01
      endloop
   endfacet
   facet normal -2.103496e-01 9.776262e-01 0.000000e+00
      outer loop
         vertex 2.868533e+01 5.231236e+01 1.860000e+01
         vertex 3.196911e+01 5.301891e+01 1.860000e+01
         vertex 2.868533e+01 5.231236e+01 1.000000e+01
      endloop
   endfacet
   facet normal 1.246531e-02 9.999223e-01 -0.000000e+00
      outer loop
         vertex 3.532778e+01 5.297704e+01 1.860000e+01
         vertex 3.532778e+01 5.297704e+01 1.000000e+01
         vertex 3.196911e+01 5.301891e+01 1.000000e+01
      endloop
   endfacet
   facet normal 1.246531e-02 9.999223e-01 0.000000e+00
      outer loop
         vertex 3.196911e+01 5.301891e+01 1.860000e+01
         vertex 3.532778e+01 5.297704e+01 1.860000e+01
         vertex 3.196911e+01 5.301891e+01 1.000000e+01
      endloop
   endfacet
   facet normal 2.346577e-01 9.720781e-01 -0.000000e+00
      outer loop
         vertex 3.859293e+01 5.218884e+01 1.860000e+01
         vertex 3.859293e+01 5.218884e+01 1.000000e+01
         vertex 3.532778e+01 5.297704e+01 1.000000e+01
      endloop
   endfacet
   facet normal 2.346577e-01 9.720781e-01 0.000000e+00
      outer loop
         vertex 3.532778e+01 5.297704e+01 1.860000e+01
         vertex 3.859293e+01 5.218884e+01 1.860000e+01
         vertex 3.532778e+01 5.297704e+01 1.000000e+01
      endloop
   endfacet
   facet normal -9.396927e-01 3.420200e-01 0.000000e+00
      outer loop
         vertex 1.936724e+01 4.322375e+01 1.860000e+01
         vertex 1.936724e+01 4.322375e+01 1.000000e+01
         vertex 1.813574e+01 3.984023e+01 1.000000e+01
      endloop
   endfacet
   facet normal -9.396927e-01 3.420200e-01 0.000000e+00
      outer loop
         vertex 1.936724e+01 4.322375e+01 1.860000e+01
         vertex 1.813574e+01 3.984023e+01 1.000000e+01
         vertex 1.813574e+01 3.984023e+01 1.860000e+01
      endloop
   endfacet
   facet normal 0.000000e+00 1.000000e+00 0.000000e+00
      outer loop
         vertex -1.813574e+01 3.984023e+01 1.860000e+01
         vertex -1.505246e+01 3.984023e+01 1.860000e+01
         vertex -1.813574e+01 3.984023e+01 1.000000e+01
      endloop
   endfacet
   facet normal 0.000000e+00 1.000000e+00 -0.000000e+00
      outer loop
         vertex -1.505246e+01 3.984023e+01 1.860000e+01
         vertex -1.505246e+01 3.984023e+01 1.360000e+01
         vertex -1.813574e+01 3.984023e+01 1.000000e+01
      endloop
   endfacet
   facet normal 0.000000e+00 1.000000e+00 0.000000e+00
      outer loop
         vertex -1.813574e+01 3.984023e+01 1.000000e+01
         vertex -1.505246e+01 3.984023e+01 1.360000e+01
         vertex 1.813574e+01 3.984023e+01 1.000000e+01
      endloop
   endfacet
   facet normal 0.000000e+00 1.000000e+00 0.000000e+00
      outer loop
         vertex -1.505246e+01 3.984023e+01 1.360000e+01
         vertex -1.495246e+01 3.984023e+01 1.360000e+01
         vertex 1.813574e+01 3.984023e+01 1.000000e+01
      endloop
   endfacet
   facet normal -0.000000e+00 1.000000e+00 0.000000e+00
      outer loop
         vertex 1.813574e+01 3.984023e+01 1.000000e+01
         vertex 1.504754e+01 3.984023e+01 1.360000e+01
         vertex 1.813574e+01 3.984023e+01 1.860000e+01
      endloop
   endfacet
   facet normal -0.000000e+00 1.000000e+00 0.000000e+00
      outer loop
         vertex 1.504754e+01 3.984023e+01 1.360000e+01
         vertex 1.504754e+01 3.984023e+01 1.860000e+01
         vertex 1.813574e+01 3.984023e+01 1.860000e+01
      endloop
   endfacet
   facet normal 0.000000e+00 1.000000e+00 0.000000e+00
      outer loop
         vertex 1.504754e+01 3.984023e+01 1.360000e+01
         vertex 1.813574e+01 3.984023e+01 1.000000e+01
         vertex 1.494754e+01 3.984023e+01 1.360000e+01
      endloop
   endfacet
   facet normal -0.000000e+00 1.000000e+00 0.000000e+00
      outer loop
         vertex 1.813574e+01 3.984023e+01 1.000000e+01
         vertex -1.495246e+01 3.984023e+01 1.360000e+01
         vertex 1.494754e+01 3.984023e+01 1.360000e+01
      endloop
   endfacet
   facet normal 0.000000e+00 1.000000e+00 0.000000e+00
      outer loop
         vertex 1.494754e+01 3.984023e+01 1.360000e+01
         vertex -1.495246e+01 3.984023e+01 1.360000e+01
         vertex 1.494754e+01 3.984023e+01 1.860000e+01
      endloop
   endfacet
   facet normal -0.000000e+00 1.000000e+00 0.000000e+00
      outer loop
         vertex -1.495246e+01 3.984023e+01 1.360000e+01
         vertex -1.495246e+01 3.984023e+01 1.860000e+01
         vertex 1.494754e+01 3.984023e+01 1.860000e+01
      endloop
   endfacet
   facet normal -1.000000e+00 0.000000e+00 0.000000e+00
      outer loop
         vertex 1.504754e+01 3.733747e+01 1.360000e+01
         vertex 1.504754e+01 3.733747e+01 1.860000e+01
         vertex 1.504754e+01 3.984023e+01 1.860000e+01
      endloop
   endfacet
   facet normal -1.000000e+00 0.000000e+00 0.000000e+00
      outer loop
         vertex 1.504754e+01 3.984023e+01 1.360000e+01
         vertex 1.504754e+01 3.733747e+01 1.360000e+01
         vertex 1.504754e+01 3.984023e+01 1.860000e+01
      endloop
   endfacet
   facet normal 4.576887e-01 -8.891125e-01 0.000000e+00
      outer loop
         vertex 1.461760e+01 3.716813e+01 1.860000e+01
         vertex 1.461760e+01 3.716813e+01 1.360000e+01
         vertex 1.494754e+01 3.733797e+01 1.360000e+01
      endloop
   endfacet
   facet normal 4.576887e-01 -8.891125e-01 0.000000e+00
      outer loop
         vertex 1.494754e+01 3.733797e+01 1.860000e+01
         vertex 1.461760e+01 3.716813e+01 1.860000e+01
         vertex 1.494754e+01 3.733797e+01 1.360000e+01
      endloop
   endfacet
   facet normal 9.443961e-01 -3.288101e-01 0.000000e+00
      outer loop
         vertex 1.449558e+01 3.681767e+01 1.860000e+01
         vertex 1.449558e+01 3.681767e+01 1.360000e+01
         vertex 1.461760e+01 3.716813e+01 1.360000e+01
      endloop
   endfacet
   facet normal 9.443961e-01 -3.288101e-01 0.000000e+00
      outer loop
         vertex 1.461760e+01 3.716813e+01 1.860000e+01
         vertex 1.449558e+01 3.681767e+01 1.860000e+01
         vertex 1.461760e+01 3.716813e+01 1.360000e+01
      endloop
   endfacet
   facet normal 9.109097e-01 4.126058e-01 -0.000000e+00
      outer loop
         vertex 1.464869e+01 3.647965e+01 1.860000e+01
         vertex 1.464869e+01 3.647965e+01 1.360000e+01
         vertex 1.449558e+01 3.681767e+01 1.360000e+01
      endloop
   endfacet
   facet normal 9.109097e-01 4.126058e-01 0.000000e+00
      outer loop
         vertex 1.449558e+01 3.681767e+01 1.860000e+01
         vertex 1.464869e+01 3.647965e+01 1.860000e+01
         vertex 1.449558e+01 3.681767e+01 1.360000e+01
      endloop
   endfacet
   facet normal 3.756768e-01 9.267508e-01 -0.000000e+00
      outer loop
         vertex 1.499260e+01 3.634024e+01 1.860000e+01
         vertex 1.499260e+01 3.634024e+01 1.360000e+01
         vertex 1.464869e+01 3.647965e+01 1.360000e+01
      endloop
   endfacet
   facet normal 3.756768e-01 9.267508e-01 0.000000e+00
      outer loop
         vertex 1.464869e+01 3.647965e+01 1.860000e+01
         vertex 1.499260e+01 3.634024e+01 1.860000e+01
         vertex 1.464869e+01 3.647965e+01 1.360000e+01
      endloop
   endfacet
   facet normal -3.664769e-01 9.304272e-01 0.000000e+00
      outer loop
         vertex 1.533787e+01 3.647623e+01 1.860000e+01
         vertex 1.533787e+01 3.647623e+01 1.360000e+01
         vertex 1.499260e+01 3.634024e+01 1.360000e+01
      endloop
   endfacet
   facet normal -3.664769e-01 9.304272e-01 0.000000e+00
      outer loop
         vertex 1.499260e+01 3.634024e+01 1.860000e+01
         vertex 1.533787e+01 3.647623e+01 1.860000e+01
         vertex 1.499260e+01 3.634024e+01 1.360000e+01
      endloop
   endfacet
   facet normal -9.067807e-01 4.216026e-01 0.000000e+00
      outer loop
         vertex 1.549432e+01 3.681273e+01 1.860000e+01
         vertex 1.549432e+01 3.681273e+01 1.360000e+01
         vertex 1.533787e+01 3.647623e+01 1.360000e+01
      endloop
   endfacet
   facet normal -9.067807e-01 4.216026e-01 0.000000e+00
      outer loop
         vertex 1.533787e+01 3.647623e+01 1.860000e+01
         vertex 1.549432e+01 3.681273e+01 1.860000e+01
         vertex 1.533787e+01 3.647623e+01 1.360000e+01
      endloop
   endfacet
   facet normal -9.476054e-01 -3.194433e-01 0.000000e+00
      outer loop
         vertex 1.537578e+01 3.716437e+01 1.860000e+01
         vertex 1.537578e+01 3.716437e+01 1.360000e+01
         vertex 1.549432e+01 3.681273e+01 1.360000e+01
      endloop
   endfacet
   facet normal -9.476054e-01 -3.194433e-01 0.000000e+00
      outer loop
         vertex 1.549432e+01 3.681273e+01 1.860000e+01
         vertex 1.537578e+01 3.716437e+01 1.860000e+01
         vertex 1.549432e+01 3.681273e+01 1.360000e+01
      endloop
   endfacet
   facet normal -4.664758e-01 -8.845339e-01 0.000000e+00
      outer loop
         vertex 1.504754e+01 3.733747e+01 1.860000e+01
         vertex 1.504754e+01 3.733747e+01 1.360000e+01
         vertex 1.537578e+01 3.716437e+01 1.360000e+01
      endloop
   endfacet
   facet normal -4.664758e-01 -8.845339e-01 0.000000e+00
      outer loop
         vertex 1.537578e+01 3.716437e+01 1.860000e+01
         vertex 1.504754e+01 3.733747e+01 1.860000e+01
         vertex 1.537578e+01 3.716437e+01 1.360000e+01
      endloop
   endfacet
   facet normal 1.000000e+00 0.000000e+00 0.000000e+00
      outer loop
         vertex 1.494754e+01 3.984023e+01 1.360000e+01
         vertex 1.494754e+01 3.984023e+01 1.860000e+01
         vertex 1.494754e+01 3.733797e+01 1.860000e+01
      endloop
   endfacet
   facet normal 1.000000e+00 0.000000e+00 0.000000e+00
      outer loop
         vertex 1.494754e+01 3.733797e+01 1.360000e+01
         vertex 1.494754e+01 3.984023e+01 1.360000e+01
         vertex 1.494754e+01 3.733797e+01 1.860000e+01
      endloop
   endfacet
   facet normal -1.000000e+00 0.000000e+00 0.000000e+00
      outer loop
         vertex -1.495246e+01 3.733747e+01 1.360000e+01
         vertex -1.495246e+01 3.733747e+01 1.860000e+01
         vertex -1.495246e+01 3.984023e+01 1.860000e+01
      endloop
   endfacet
   facet normal -1.000000e+00 0.000000e+00 0.000000e+00
      outer loop
         vertex -1.495246e+01 3.984023e+01 1.360000e+01
         vertex -1.495246e+01 3.733747e+01 1.360000e+01
         vertex -1.495246e+01 3.984023e+01 1.860000e+01
      endloop
   endfacet
   facet normal 4.576887e-01 -8.891125e-01 0.000000e+00
      outer loop
         vertex -1.538240e+01 3.716813e+01 1.860000e+01
         vertex -1.538240e+01 3.716813e+01 1.360000e+01
         vertex -1.505246e+01 3.733797e+01 1.360000e+01
      endloop
   endfacet
   facet normal 4.576887e-01 -8.891125e-01 0.000000e+00
      outer loop
         vertex -1.505246e+01 3.733797e+01 1.860000e+01
         vertex -1.538240e+01 3.716813e+01 1.860000e+01
         vertex -1.505246e+01 3.733797e+01 1.360000e+01
      endloop
   endfacet
   facet normal 9.443961e-01 -3.288101e-01 0.000000e+00
      outer loop
         vertex -1.550442e+01 3.681767e+01 1.860000e+01
         vertex -1.550442e+01 3.681767e+01 1.360000e+01
         vertex -1.538240e+01 3.716813e+01 1.360000e+01
      endloop
   endfacet
   facet normal 9.443961e-01 -3.288101e-01 0.000000e+00
      outer loop
         vertex -1.538240e+01 3.716813e+01 1.860000e+01
         vertex -1.550442e+01 3.681767e+01 1.860000e+01
         vertex -1.538240e+01 3.716813e+01 1.360000e+01
      endloop
   endfacet
   facet normal 9.109097e-01 4.126058e-01 -0.000000e+00
      outer loop
         vertex -1.535131e+01 3.647965e+01 1.860000e+01
         vertex -1.535131e+01 3.647965e+01 1.360000e+01
         vertex -1.550442e+01 3.681767e+01 1.360000e+01
      endloop
   endfacet
   facet normal 9.109097e-01 4.126058e-01 0.000000e+00
      outer loop
         vertex -1.550442e+01 3.681767e+01 1.860000e+01
         vertex -1.535131e+01 3.647965e+01 1.860000e+01
         vertex -1.550442e+01 3.681767e+01 1.360000e+01
      endloop
   endfacet
   facet normal 3.756768e-01 9.267508e-01 -0.000000e+00
      outer loop
         vertex -1.500740e+01 3.634024e+01 1.860000e+01
         vertex -1.500740e+01 3.634024e+01 1.360000e+01
         vertex -1.535131e+01 3.647965e+01 1.360000e+01
      endloop
   endfacet
   facet normal 3.756768e-01 9.267508e-01 0.000000e+00
      outer loop
         vertex -1.535131e+01 3.647965e+01 1.860000e+01
         vertex -1.500740e+01 3.634024e+01 1.860000e+01
         vertex -1.535131e+01 3.647965e+01 1.360000e+01
      endloop
   endfacet
   facet normal -3.664769e-01 9.304272e-01 0.000000e+00
      outer loop
         vertex -1.466213e+01 3.647623e+01 1.860000e+01
         vertex -1.466213e+01 3.647623e+01 1.360000e+01
         vertex -1.500740e+01 3.634024e+01 1.360000e+01
      endloop
   endfacet
   facet normal -3.664769e-01 9.304272e-01 0.000000e+00
      outer loop
         vertex -1.500740e+01 3.634024e+01 1.860000e+01
         vertex -1.466213e+01 3.647623e+01 1.860000e+01
         vertex -1.500740e+01 3.634024e+01 1.360000e+01
      endloop
   endfacet
   facet normal -9.067807e-01 4.216026e-01 0.000000e+00
      outer loop
         vertex -1.450568e+01 3.681273e+01 1.860000e+01
         vertex -1.450568e+01 3.681273e+01 1.360000e+01
         vertex -1.466213e+01 3.647623e+01 1.360000e+01
      endloop
   endfacet
   facet normal -9.067807e-01 4.216026e-01 0.000000e+00
      outer loop
         vertex -1.466213e+01 3.647623e+01 1.860000e+01
         vertex -1.450568e+01 3.681273e+01 1.860000e+01
         vertex -1.466213e+01 3.647623e+01 1.360000e+01
      endloop
   endfacet
   facet normal -9.476054e-01 -3.194433e-01 0.000000e+00
      outer loop
         vertex -1.462422e+01 3.716437e+01 1.860000e+01
         vertex -1.462422e+01 3.716437e+01 1.360000e+01
         vertex -1.450568e+01 3.681273e+01 1.360000e+01
      endloop
   endfacet
   facet normal -9.476054e-01 -3.194433e-01 0.000000e+00
      outer loop
         vertex -1.450568e+01 3.681273e+01 1.860000e+01
         vertex -1.462422e+01 3.716437e+01 1.860000e+01
         vertex -1.450568e+01 3.681273e+01 1.360000e+01
      endloop
   endfacet
   facet normal -4.664758e-01 -8.845339e-01 0.000000e+00
      outer loop
         vertex -1.495246e+01 3.733747e+01 1.860000e+01
         vertex -1.495246e+01 3.733747e+01 1.360000e+01
         vertex -1.462422e+01 3.716437e+01 1.360000e+01
      endloop
   endfacet
   facet normal -4.664758e-01 -8.845339e-01 0.000000e+00
      outer loop
         vertex -1.462422e+01 3.716437e+01 1.860000e+01
         vertex -1.495246e+01 3.733747e+01 1.860000e+01
         vertex -1.462422e+01 3.716437e+01 1.360000e+01
      endloop
   endfacet
   facet normal 1.000000e+00 0.000000e+00 0.000000e+00
      outer loop
         vertex -1.505246e+01 3.984023e+01 1.360000e+01
         vertex -1.505246e+01 3.984023e+01 1.860000e+01
         vertex -1.505246e+01 3.733797e+01 1.860000e+01
      endloop
   endfacet
   facet normal 1.000000e+00 0.000000e+00 0.000000e+00
      outer loop
         vertex -1.505246e+01 3.733797e+01 1.360000e+01
         vertex -1.505246e+01 3.984023e+01 1.360000e+01
         vertex -1.505246e+01 3.733797e+01 1.860000e+01
      endloop
   endfacet
   facet normal 9.396927e-01 3.420200e-01 -0.000000e+00
      outer loop
         vertex -1.813574e+01 3.984023e+01 1.000000e+01
         vertex -1.936724e+01 4.322375e+01 1.000000e+01
         vertex -1.936724e+01 4.322375e+01 1.860000e+01
      endloop
   endfacet
   facet normal 9.396927e-01 3.420200e-01 0.000000e+00
      outer loop
         vertex -1.813574e+01 3.984023e+01 1.000000e+01
         vertex -1.936724e+01 4.322375e+01 1.860000e+01
         vertex -1.813574e+01 3.984023e+01 1.860000e+01
      endloop
   endfacet
   facet normal -2.346577e-01 9.720781e-01 0.000000e+00
      outer loop
         vertex -3.532778e+01 5.297704e+01 1.860000e+01
         vertex -3.532778e+01 5.297704e+01 1.000000e+01
         vertex -3.859293e+01 5.218884e+01 1.000000e+01
      endloop
   endfacet
   facet normal -2.346577e-01 9.720781e-01 0.000000e+00
      outer loop
         vertex -3.859293e+01 5.218884e+01 1.860000e+01
         vertex -3.532778e+01 5.297704e+01 1.860000e+01
         vertex -3.859293e+01 5.218884e+01 1.000000e+01
      endloop
   endfacet
   facet normal -1.246531e-02 9.999223e-01 0.000000e+00
      outer loop
         vertex -3.196911e+01 5.301891e+01 1.860000e+01
         vertex -3.196911e+01 5.301891e+01 1.000000e+01
         vertex -3.532778e+01 5.297704e+01 1.000000e+01
      endloop
   endfacet
   facet normal -1.246531e-02 9.999223e-01 0.000000e+00
      outer loop
         vertex -3.532778e+01 5.297704e+01 1.860000e+01
         vertex -3.196911e+01 5.301891e+01 1.860000e+01
         vertex -3.532778e+01 5.297704e+01 1.000000e+01
      endloop
   endfacet
   facet normal 2.103496e-01 9.776262e-01 -0.000000e+00
      outer loop
         vertex -2.868533e+01 5.231236e+01 1.860000e+01
         vertex -2.868533e+01 5.231236e+01 1.000000e+01
         vertex -3.196911e+01 5.301891e+01 1.000000e+01
      endloop
   endfacet
   facet normal 2.103496e-01 9.776262e-01 0.000000e+00
      outer loop
         vertex -3.196911e+01 5.301891e+01 1.860000e+01
         vertex -2.868533e+01 5.231236e+01 1.860000e+01
         vertex -3.196911e+01 5.301891e+01 1.000000e+01
      endloop
   endfacet
   facet normal 4.226186e-01 9.063076e-01 -0.000000e+00
      outer loop
         vertex -2.564110e+01 5.089281e+01 1.860000e+01
         vertex -2.564110e+01 5.089281e+01 1.000000e+01
         vertex -2.868533e+01 5.231236e+01 1.000000e+01
      endloop
   endfacet
   facet normal 4.226186e-01 9.063076e-01 0.000000e+00
      outer loop
         vertex -2.868533e+01 5.231236e+01 1.860000e+01
         vertex -2.564110e+01 5.089281e+01 1.860000e+01
         vertex -2.868533e+01 5.231236e+01 1.000000e+01
      endloop
   endfacet
   facet normal 6.136944e-01 7.895436e-01 -0.000000e+00
      outer loop
         vertex -2.298907e+01 4.883146e+01 1.860000e+01
         vertex -2.298907e+01 4.883146e+01 1.000000e+01
         vertex -2.564110e+01 5.089281e+01 1.000000e+01
      endloop
   endfacet
   facet normal 6.136944e-01 7.895436e-01 0.000000e+00
      outer loop
         vertex -2.564110e+01 5.089281e+01 1.860000e+01
         vertex -2.298907e+01 4.883146e+01 1.860000e+01
         vertex -2.564110e+01 5.089281e+01 1.000000e+01
      endloop
   endfacet
   facet normal 7.739980e-01 6.331881e-01 -0.000000e+00
      outer loop
         vertex -2.086224e+01 4.623165e+01 1.860000e+01
         vertex -2.086224e+01 4.623165e+01 1.000000e+01
         vertex -2.298907e+01 4.883146e+01 1.000000e+01
      endloop
   endfacet
   facet normal 7.739980e-01 6.331881e-01 0.000000e+00
      outer loop
         vertex -2.298907e+01 4.883146e+01 1.860000e+01
         vertex -2.086224e+01 4.623165e+01 1.860000e+01
         vertex -2.298907e+01 4.883146e+01 1.000000e+01
      endloop
   endfacet
   facet normal 8.954899e-01 4.450818e-01 -0.000000e+00
      outer loop
         vertex -1.936724e+01 4.322375e+01 1.860000e+01
         vertex -1.936724e+01 4.322375e+01 1.000000e+01
         vertex -2.086224e+01 4.623165e+01 1.000000e+01
      endloop
   endfacet
   facet normal 8.954899e-01 4.450818e-01 0.000000e+00
      outer loop
         vertex -2.086224e+01 4.623165e+01 1.860000e+01
         vertex -1.936724e+01 4.322375e+01 1.860000e+01
         vertex -2.086224e+01 4.623165e+01 1.000000e+01
      endloop
   endfacet
   facet normal -3.420203e-01 9.396926e-01 0.000000e+00
      outer loop
         vertex -3.859293e+01 5.218884e+01 1.860000e+01
         vertex -3.859293e+01 5.218884e+01 1.000000e+01
         vertex -4.460696e+01 4.999991e+01 1.000000e+01
      endloop
   endfacet
   facet normal -3.420203e-01 9.396926e-01 0.000000e+00
      outer loop
         vertex -3.859293e+01 5.218884e+01 1.860000e+01
         vertex -4.460696e+01 4.999991e+01 1.000000e+01
         vertex -4.460696e+01 4.999991e+01 1.860000e+01
      endloop
   endfacet
   facet normal -9.720780e-01 -2.346579e-01 0.000000e+00
      outer loop
         vertex -5.436025e+01 3.403937e+01 1.860000e+01
         vertex -5.436025e+01 3.403937e+01 1.000000e+01
         vertex -5.357205e+01 3.077422e+01 1.000000e+01
      endloop
   endfacet
   facet normal -9.720780e-01 -2.346579e-01 0.000000e+00
      outer loop
         vertex -5.357205e+01 3.077422e+01 1.860000e+01
         vertex -5.436025e+01 3.403937e+01 1.860000e+01
         vertex -5.357205e+01 3.077422e+01 1.000000e+01
      endloop
   endfacet
   facet normal -9.999223e-01 -1.246643e-02 0.000000e+00
      outer loop
         vertex -5.440212e+01 3.739804e+01 1.860000e+01
         vertex -5.440212e+01 3.739804e+01 1.000000e+01
         vertex -5.436025e+01 3.403937e+01 1.000000e+01
      endloop
   endfacet
   facet normal -9.999223e-01 -1.246643e-02 0.000000e+00
      outer loop
         vertex -5.436025e+01 3.403937e+01 1.860000e+01
         vertex -5.440212e+01 3.739804e+01 1.860000e+01
         vertex -5.436025e+01 3.403937e+01 1.000000e+01
      endloop
   endfacet
   facet normal -9.776262e-01 2.103496e-01 0.000000e+00
      outer loop
         vertex -5.369557e+01 4.068182e+01 1.860000e+01
         vertex -5.369557e+01 4.068182e+01 1.000000e+01
         vertex -5.440212e+01 3.739804e+01 1.000000e+01
      endloop
   endfacet
   facet normal -9.776262e-01 2.103496e-01 0.000000e+00
      outer loop
         vertex -5.440212e+01 3.739804e+01 1.860000e+01
         vertex -5.369557e+01 4.068182e+01 1.860000e+01
         vertex -5.440212e+01 3.739804e+01 1.000000e+01
      endloop
   endfacet
   facet normal -9.063076e-01 4.226186e-01 0.000000e+00
      outer loop
         vertex -5.227602e+01 4.372605e+01 1.860000e+01
         vertex -5.227602e+01 4.372605e+01 1.000000e+01
         vertex -5.369557e+01 4.068182e+01 1.000000e+01
      endloop
   endfacet
   facet normal -9.063076e-01 4.226186e-01 0.000000e+00
      outer loop
         vertex -5.369557e+01 4.068182e+01 1.860000e+01
         vertex -5.227602e+01 4.372605e+01 1.860000e+01
         vertex -5.369557e+01 4.068182e+01 1.000000e+01
      endloop
   endfacet
   facet normal -7.895438e-01 6.136942e-01 0.000000e+00
      outer loop
         vertex -5.021466e+01 4.637808e+01 1.860000e+01
         vertex -5.021466e+01 4.637808e+01 1.000000e+01
         vertex -5.227602e+01 4.372605e+01 1.000000e+01
      endloop
   endfacet
   facet normal -7.895438e-01 6.136942e-01 0.000000e+00
      outer loop
         vertex -5.227602e+01 4.372605e+01 1.860000e+01
         vertex -5.021466e+01 4.637808e+01 1.860000e+01
         vertex -5.227602e+01 4.372605e+01 1.000000e+01
      endloop
   endfacet
   facet normal -6.331872e-01 7.739987e-01 0.000000e+00
      outer loop
         vertex -4.761485e+01 4.850491e+01 1.860000e+01
         vertex -4.761485e+01 4.850491e+01 1.000000e+01
         vertex -5.021466e+01 4.637808e+01 1.000000e+01
      endloop
   endfacet
   facet normal -6.331872e-01 7.739987e-01 0.000000e+00
      outer loop
         vertex -5.021466e+01 4.637808e+01 1.860000e+01
         vertex -4.761485e+01 4.850491e+01 1.860000e+01
         vertex -5.021466e+01 4.637808e+01 1.000000e+01
      endloop
   endfacet
   facet normal -4.450818e-01 8.954899e-01 0.000000e+00
      outer loop
         vertex -4.460696e+01 4.999991e+01 1.860000e+01
         vertex -4.460696e+01 4.999991e+01 1.000000e+01
         vertex -4.761485e+01 4.850491e+01 1.000000e+01
      endloop
   endfacet
   facet normal -4.450818e-01 8.954899e-01 0.000000e+00
      outer loop
         vertex -4.761485e+01 4.850491e+01 1.860000e+01
         vertex -4.460696e+01 4.999991e+01 1.860000e+01
         vertex -4.761485e+01 4.850491e+01 1.000000e+01
      endloop
   endfacet
   facet normal -9.396926e-01 -3.420201e-01 0.000000e+00
      outer loop
         vertex -3.870000e+01 -1.008640e+01 1.860000e+01
         vertex -4.109320e+01 -3.511145e+00 1.860000e+01
         vertex -3.870000e+01 -1.008640e+01 1.000000e+01
      endloop
   endfacet
   facet normal -9.396926e-01 -3.420201e-01 0.000000e+00
      outer loop
         vertex -4.109320e+01 -3.511145e+00 1.860000e+01
         vertex -4.109320e+01 -3.511145e+00 1.360000e+01
         vertex -3.870000e+01 -1.008640e+01 1.000000e+01
      endloop
   endfacet
   facet normal -9.396926e-01 -3.420201e-01 1.630456e-08
      outer loop
         vertex -3.870000e+01 -1.008640e+01 1.000000e+01
         vertex -4.109320e+01 -3.511145e+00 1.360000e+01
         vertex -5.357205e+01 3.077422e+01 1.000000e+01
      endloop
   endfacet
   facet normal -9.396955e-01 -3.420122e-01 8.571504e-05
      outer loop
         vertex -4.109320e+01 -3.511145e+00 1.360000e+01
         vertex -4.112959e+01 -3.411145e+00 1.360000e+01
         vertex -5.357205e+01 3.077422e+01 1.000000e+01
      endloop
   endfacet
   facet normal -9.396926e-01 -3.420201e-01 0.000000e+00
      outer loop
         vertex -5.357205e+01 3.077422e+01 1.000000e+01
         vertex -4.112959e+01 -3.411145e+00 1.360000e+01
         vertex -5.357205e+01 3.077422e+01 1.860000e+01
      endloop
   endfacet
   facet normal -9.396926e-01 -3.420201e-01 -0.000000e+00
      outer loop
         vertex -4.112959e+01 -3.411145e+00 1.360000e+01
         vertex -4.112959e+01 -3.411145e+00 1.860000e+01
         vertex -5.357205e+01 3.077422e+01 1.860000e+01
      endloop
   endfacet
   facet normal 0.000000e+00 -1.000000e+00 0.000000e+00
      outer loop
         vertex -4.112959e+01 -3.411145e+00 1.360000e+01
         vertex -3.857655e+01 -3.411145e+00 1.360000e+01
         vertex -3.857655e+01 -3.411145e+00 1.860000e+01
      endloop
   endfacet
   facet normal 0.000000e+00 -1.000000e+00 0.000000e+00
      outer loop
         vertex -4.112959e+01 -3.411145e+00 1.860000e+01
         vertex -4.112959e+01 -3.411145e+00 1.360000e+01
         vertex -3.857655e+01 -3.411145e+00 1.860000e+01
      endloop
   endfacet
   facet normal 8.891124e-01 4.576890e-01 -0.000000e+00
      outer loop
         vertex -3.840720e+01 -3.841082e+00 1.860000e+01
         vertex -3.840720e+01 -3.841082e+00 1.360000e+01
         vertex -3.857704e+01 -3.511145e+00 1.360000e+01
      endloop
   endfacet
   facet normal 8.891124e-01 4.576890e-01 0.000000e+00
      outer loop
         vertex -3.857704e+01 -3.511145e+00 1.860000e+01
         vertex -3.840720e+01 -3.841082e+00 1.860000e+01
         vertex -3.857704e+01 -3.511145e+00 1.360000e+01
      endloop
   endfacet
   facet normal 3.288106e-01 9.443959e-01 -0.000000e+00
      outer loop
         vertex -3.805675e+01 -3.963099e+00 1.860000e+01
         vertex -3.805675e+01 -3.963099e+00 1.360000e+01
         vertex -3.840720e+01 -3.841082e+00 1.360000e+01
      endloop
   endfacet
   facet normal 3.288106e-01 9.443959e-01 0.000000e+00
      outer loop
         vertex -3.840720e+01 -3.841082e+00 1.860000e+01
         vertex -3.805675e+01 -3.963099e+00 1.860000e+01
         vertex -3.840720e+01 -3.841082e+00 1.360000e+01
      endloop
   endfacet
   facet normal -4.126024e-01 9.109112e-01 0.000000e+00
      outer loop
         vertex -3.771872e+01 -3.809987e+00 1.860000e+01
         vertex -3.771872e+01 -3.809987e+00 1.360000e+01
         vertex -3.805675e+01 -3.963099e+00 1.360000e+01
      endloop
   endfacet
   facet normal -4.126024e-01 9.109112e-01 0.000000e+00
      outer loop
         vertex -3.805675e+01 -3.963099e+00 1.860000e+01
         vertex -3.771872e+01 -3.809987e+00 1.860000e+01
         vertex -3.805675e+01 -3.963099e+00 1.360000e+01
      endloop
   endfacet
   facet normal -9.267508e-01 3.756765e-01 0.000000e+00
      outer loop
         vertex -3.757931e+01 -3.466083e+00 1.860000e+01
         vertex -3.757931e+01 -3.466083e+00 1.360000e+01
         vertex -3.771872e+01 -3.809987e+00 1.360000e+01
      endloop
   endfacet
   facet normal -9.267508e-01 3.756765e-01 0.000000e+00
      outer loop
         vertex -3.771872e+01 -3.809987e+00 1.860000e+01
         vertex -3.757931e+01 -3.466083e+00 1.860000e+01
         vertex -3.771872e+01 -3.809987e+00 1.360000e+01
      endloop
   endfacet
   facet normal -9.304237e-01 -3.664858e-01 0.000000e+00
      outer loop
         vertex -3.771531e+01 -3.120816e+00 1.860000e+01
         vertex -3.771531e+01 -3.120816e+00 1.360000e+01
         vertex -3.757931e+01 -3.466083e+00 1.360000e+01
      endloop
   endfacet
   facet normal -9.304237e-01 -3.664858e-01 0.000000e+00
      outer loop
         vertex -3.757931e+01 -3.466083e+00 1.860000e+01
         vertex -3.771531e+01 -3.120816e+00 1.860000e+01
         vertex -3.757931e+01 -3.466083e+00 1.360000e+01
      endloop
   endfacet
   facet normal -4.216021e-01 -9.067809e-01 0.000000e+00
      outer loop
         vertex -3.805180e+01 -2.964365e+00 1.860000e+01
         vertex -3.805180e+01 -2.964365e+00 1.360000e+01
         vertex -3.771531e+01 -3.120816e+00 1.360000e+01
      endloop
   endfacet
   facet normal -4.216021e-01 -9.067809e-01 0.000000e+00
      outer loop
         vertex -3.771531e+01 -3.120816e+00 1.860000e+01
         vertex -3.805180e+01 -2.964365e+00 1.860000e+01
         vertex -3.771531e+01 -3.120816e+00 1.360000e+01
      endloop
   endfacet
   facet normal 3.194444e-01 -9.476050e-01 0.000000e+00
      outer loop
         vertex -3.840345e+01 -3.082906e+00 1.860000e+01
         vertex -3.840345e+01 -3.082906e+00 1.360000e+01
         vertex -3.805180e+01 -2.964365e+00 1.360000e+01
      endloop
   endfacet
   facet normal 3.194444e-01 -9.476050e-01 0.000000e+00
      outer loop
         vertex -3.805180e+01 -2.964365e+00 1.860000e+01
         vertex -3.840345e+01 -3.082906e+00 1.860000e+01
         vertex -3.805180e+01 -2.964365e+00 1.360000e+01
      endloop
   endfacet
   facet normal 8.845378e-01 -4.664686e-01 0.000000e+00
      outer loop
         vertex -3.857655e+01 -3.411145e+00 1.860000e+01
         vertex -3.857655e+01 -3.411145e+00 1.360000e+01
         vertex -3.840345e+01 -3.082906e+00 1.360000e+01
      endloop
   endfacet
   facet normal 8.845378e-01 -4.664686e-01 0.000000e+00
      outer loop
         vertex -3.840345e+01 -3.082906e+00 1.860000e+01
         vertex -3.857655e+01 -3.411145e+00 1.860000e+01
         vertex -3.840345e+01 -3.082906e+00 1.360000e+01
      endloop
   endfacet
   facet normal 0.000000e+00 1.000000e+00 0.000000e+00
      outer loop
         vertex -3.857704e+01 -3.511145e+00 1.360000e+01
         vertex -4.109320e+01 -3.511145e+00 1.360000e+01
         vertex -4.109320e+01 -3.511145e+00 1.860000e+01
      endloop
   endfacet
   facet normal 0.000000e+00 1.000000e+00 -0.000000e+00
      outer loop
         vertex -3.857704e+01 -3.511145e+00 1.860000e+01
         vertex -3.857704e+01 -3.511145e+00 1.360000e+01
         vertex -4.109320e+01 -3.511145e+00 1.860000e+01
      endloop
   endfacet
   facet normal 0.000000e+00 1.000000e+00 -0.000000e+00
      outer loop
         vertex -3.870000e+01 -1.215977e+01 1.860000e+01
         vertex -3.870000e+01 -1.215977e+01 1.380000e+01
         vertex -4.270000e+01 -1.215977e+01 1.380000e+01
      endloop
   endfacet
   facet normal 0.000000e+00 1.000000e+00 0.000000e+00
      outer loop
         vertex -3.870000e+01 -1.215977e+01 1.860000e+01
         vertex -4.270000e+01 -1.215977e+01 1.380000e+01
         vertex -4.270000e+01 -1.215977e+01 1.860000e+01
      endloop
   endfacet
   facet normal -1.000000e+00 0.000000e+00 0.000000e+00
      outer loop
         vertex -4.270000e+01 -1.315977e+01 1.280000e+01
         vertex -4.270000e+01 -2.315977e+01 1.280000e+01
         vertex -4.270000e+01 -1.265977e+01 1.293397e+01
      endloop
   endfacet
   facet normal -1.000000e+00 0.000000e+00 0.000000e+00
      outer loop
         vertex -4.270000e+01 -2.315977e+01 1.280000e+01
         vertex -4.270000e+01 -2.365977e+01 1.293397e+01
         vertex -4.270000e+01 -1.265977e+01 1.293397e+01
      endloop
   endfacet
   facet normal -1.000000e+00 0.000000e+00 0.000000e+00
      outer loop
         vertex -4.270000e+01 -1.265977e+01 1.293397e+01
         vertex -4.270000e+01 -2.365977e+01 1.293397e+01
         vertex -4.270000e+01 -1.229374e+01 1.330000e+01
      endloop
   endfacet
   facet normal -1.000000e+00 0.000000e+00 0.000000e+00
      outer loop
         vertex -4.270000e+01 -2.365977e+01 1.293397e+01
         vertex -4.270000e+01 -2.402579e+01 1.330000e+01
         vertex -4.270000e+01 -1.229374e+01 1.330000e+01
      endloop
   endfacet
   facet normal -1.000000e+00 0.000000e+00 0.000000e+00
      outer loop
         vertex -4.270000e+01 -1.229374e+01 1.330000e+01
         vertex -4.270000e+01 -2.402579e+01 1.330000e+01
         vertex -4.270000e+01 -1.215977e+01 1.380000e+01
      endloop
   endfacet
   facet normal -1.000000e+00 0.000000e+00 0.000000e+00
      outer loop
         vertex -4.270000e+01 -2.402579e+01 1.330000e+01
         vertex -4.270000e+01 -2.415977e+01 1.380000e+01
         vertex -4.270000e+01 -1.215977e+01 1.380000e+01
      endloop
   endfacet
   facet normal -1.000000e+00 0.000000e+00 0.000000e+00
      outer loop
         vertex -4.270000e+01 -1.215977e+01 1.380000e+01
         vertex -4.270000e+01 -2.415977e+01 1.380000e+01
         vertex -4.270000e+01 -1.215977e+01 1.860000e+01
      endloop
   endfacet
   facet normal -1.000000e+00 0.000000e+00 0.000000e+00
      outer loop
         vertex -4.270000e+01 -2.415977e+01 1.380000e+01
         vertex -4.270000e+01 -2.415977e+01 1.860000e+01
         vertex -4.270000e+01 -1.215977e+01 1.860000e+01
      endloop
   endfacet
   facet normal 0.000000e+00 -1.000000e+00 0.000000e+00
      outer loop
         vertex -4.270000e+01 -2.415977e+01 1.860000e+01
         vertex -4.270000e+01 -2.415977e+01 1.380000e+01
         vertex -3.870000e+01 -2.415977e+01 1.380000e+01
      endloop
   endfacet
   facet normal 0.000000e+00 -1.000000e+00 0.000000e+00
      outer loop
         vertex -4.270000e+01 -2.415977e+01 1.860000e+01
         vertex -3.870000e+01 -2.415977e+01 1.380000e+01
         vertex -3.870000e+01 -2.415977e+01 1.860000e+01
      endloop
   endfacet
   facet normal -9.130104e-03 -3.323085e-03 -9.999528e-01
      outer loop
         vertex -4.417512e+01 3.419442e+01 0.000000e+00
         vertex -3.720000e+01 1.503043e+01 0.000000e+00
         vertex -3.727523e+01 1.466901e+01 1.887991e-03
      endloop
   endfacet
   facet normal -9.419783e-02 -3.338383e-02 -9.949936e-01
      outer loop
         vertex -3.727523e+01 1.466901e+01 1.887991e-03
         vertex -3.787011e+01 1.169459e+01 1.580029e-01
         vertex -4.417512e+01 3.419442e+01 0.000000e+00
      endloop
   endfacet
   facet normal -2.505366e-01 -9.312579e-02 -9.636177e-01
      outer loop
         vertex -3.787011e+01 1.169459e+01 1.580029e-01
         vertex -3.845275e+01 7.912354e+00 6.750116e-01
         vertex -4.660723e+01 3.330921e+01 3.407417e-01
      endloop
   endfacet
   facet normal -4.173228e-01 -1.527497e-01 -8.958288e-01
      outer loop
         vertex -3.845275e+01 7.912354e+00 6.750116e-01
         vertex -3.870000e+01 3.749551e+00 1.500000e+00
         vertex -4.887358e+01 3.248432e+01 1.339746e+00
      endloop
   endfacet
   facet normal -5.955198e-01 -2.181067e-01 -7.731660e-01
      outer loop
         vertex -3.870000e+01 3.749551e+00 1.500000e+00
         vertex -3.870000e+01 -2.315999e+00 3.211064e+00
         vertex -5.081975e+01 3.177598e+01 2.928932e+00
      endloop
   endfacet
   facet normal -7.637282e-01 -2.788560e-01 -5.822015e-01
      outer loop
         vertex -3.870000e+01 -2.315999e+00 3.211064e+00
         vertex -3.870000e+01 -6.591242e+00 5.258770e+00
         vertex -5.231310e+01 3.123244e+01 5.000000e+00
      endloop
   endfacet
   facet normal -8.731264e-01 -3.177417e-01 -3.697168e-01
      outer loop
         vertex -3.870000e+01 -6.591242e+00 5.258770e+00
         vertex -3.870000e+01 -9.076943e+00 7.395030e+00
         vertex -5.325186e+01 3.089076e+01 7.411809e+00
      endloop
   endfacet
   facet normal -9.290685e-01 -3.382020e-01 -1.498370e-01
      outer loop
         vertex -3.870000e+01 -9.076943e+00 7.395030e+00
         vertex -3.870000e+01 -1.006614e+01 9.627767e+00
         vertex -5.325186e+01 3.089076e+01 7.411809e+00
      endloop
   endfacet
   facet normal -9.395298e-01 -3.419608e-01 -1.861482e-02
      outer loop
         vertex -3.870000e+01 -1.006614e+01 9.627767e+00
         vertex -3.870000e+01 -1.008640e+01 1.000000e+01
         vertex -5.357205e+01 3.077422e+01 1.000000e+01
      endloop
   endfacet
   facet normal -9.319813e-01 -3.381921e-01 -1.305254e-01
      outer loop
         vertex -5.357205e+01 3.077422e+01 1.000000e+01
         vertex -5.325186e+01 3.089076e+01 7.411809e+00
         vertex -3.870000e+01 -1.006614e+01 9.627767e+00
      endloop
   endfacet
   facet normal -8.684542e-01 -3.151829e-01 -3.826840e-01
      outer loop
         vertex -5.325186e+01 3.089076e+01 7.411809e+00
         vertex -5.231310e+01 3.123244e+01 5.000000e+00
         vertex -3.870000e+01 -6.591242e+00 5.258770e+00
      endloop
   endfacet
   facet normal -7.459187e-01 -2.702132e-01 -6.087611e-01
      outer loop
         vertex -5.231310e+01 3.123244e+01 5.000000e+00
         vertex -5.081975e+01 3.177598e+01 2.928932e+00
         vertex -3.870000e+01 -2.315999e+00 3.211064e+00
      endloop
   endfacet
   facet normal -5.724512e-01 -2.071017e-01 -7.933527e-01
      outer loop
         vertex -5.081975e+01 3.177598e+01 2.928932e+00
         vertex -4.887358e+01 3.248432e+01 1.339746e+00
         vertex -3.870000e+01 3.749551e+00 1.500000e+00
      endloop
   endfacet
   facet normal -3.606665e-01 -1.279634e-01 -9.238750e-01
      outer loop
         vertex -4.887358e+01 3.248432e+01 1.339746e+00
         vertex -4.660723e+01 3.330921e+01 3.407417e-01
         vertex -3.845275e+01 7.912354e+00 6.750116e-01
      endloop
   endfacet
   facet normal -1.237468e-01 -4.163924e-02 -9.914398e-01
      outer loop
         vertex -4.660723e+01 3.330921e+01 3.407417e-01
         vertex -4.417512e+01 3.419442e+01 0.000000e+00
         vertex -3.787011e+01 1.169459e+01 1.580029e-01
      endloop
   endfacet
   facet normal 0.000000e+00 0.000000e+00 -1.000000e+00
      outer loop
         vertex -3.870000e+01 -1.315977e+01 1.280000e+01
         vertex -3.870000e+01 -2.315977e+01 1.280000e+01
         vertex -4.270000e+01 -2.315977e+01 1.280000e+01
      endloop
   endfacet
   facet normal 0.000000e+00 0.000000e+00 -1.000000e+00
      outer loop
         vertex -3.870000e+01 -1.315977e+01 1.280000e+01
         vertex -4.270000e+01 -2.315977e+01 1.280000e+01
         vertex -4.270000e+01 -1.315977e+01 1.280000e+01
      endloop
   endfacet
   facet normal -0.000000e+00 1.000000e+00 0.000000e+00
      outer loop
         vertex -4.270000e+01 -3.115977e+01 1.150000e+01
         vertex -4.270000e+01 -3.115977e+01 1.510000e+01
         vertex -3.870000e+01 -3.115977e+01 1.510000e+01
      endloop
   endfacet
   facet normal 0.000000e+00 1.000000e+00 0.000000e+00
      outer loop
         vertex -4.270000e+01 -3.115977e+01 1.150000e+01
         vertex -3.870000e+01 -3.115977e+01 1.510000e+01
         vertex -3.870000e+01 -3.115977e+01 1.150000e+01
      endloop
   endfacet
   facet normal 0.000000e+00 0.000000e+00 1.000000e+00
      outer loop
         vertex -4.270000e+01 -3.215977e+01 1.610000e+01
         vertex -4.270000e+01 -4.415977e+01 1.610000e+01
         vertex -3.870000e+01 -4.415977e+01 1.610000e+01
      endloop
   endfacet
   facet normal 0.000000e+00 -0.000000e+00 1.000000e+00
      outer loop
         vertex -4.270000e+01 -3.215977e+01 1.610000e+01
         vertex -3.870000e+01 -4.415977e+01 1.610000e+01
         vertex -3.870000e+01 -3.215977e+01 1.610000e+01
      endloop
   endfacet
   facet normal 0.000000e+00 -1.000000e+00 0.000000e+00
      outer loop
         vertex -4.270000e+01 -4.515977e+01 1.510000e+01
         vertex -4.270000e+01 -4.515977e+01 1.150000e+01
         vertex -3.870000e+01 -4.515977e+01 1.150000e+01
      endloop
   endfacet
   facet normal 0.000000e+00 -1.000000e+00 0.000000e+00
      outer loop
         vertex -4.270000e+01 -4.515977e+01 1.510000e+01
         vertex -3.870000e+01 -4.515977e+01 1.150000e+01
         vertex -3.870000e+01 -4.515977e+01 1.510000e+01
      endloop
   endfacet
   facet normal 0.000000e+00 0.000000e+00 -1.000000e+00
      outer loop
         vertex -3.870000e+01 -3.215977e+01 1.050000e+01
         vertex -3.870000e+01 -4.415977e+01 1.050000e+01
         vertex -4.270000e+01 -4.415977e+01 1.050000e+01
      endloop
   endfacet
   facet normal 0.000000e+00 0.000000e+00 -1.000000e+00
      outer loop
         vertex -3.870000e+01 -3.215977e+01 1.050000e+01
         vertex -4.270000e+01 -4.415977e+01 1.050000e+01
         vertex -4.270000e+01 -3.215977e+01 1.050000e+01
      endloop
   endfacet
   facet normal 5.955198e-01 -2.181067e-01 -7.731660e-01
      outer loop
         vertex 3.870000e+01 -2.315999e+00 3.211064e+00
         vertex 3.870000e+01 3.749551e+00 1.500000e+00
         vertex 5.081975e+01 3.177598e+01 2.928932e+00
      endloop
   endfacet
   facet normal 4.173228e-01 -1.527497e-01 -8.958288e-01
      outer loop
         vertex 3.870000e+01 3.749551e+00 1.500000e+00
         vertex 3.845275e+01 7.912354e+00 6.750116e-01
         vertex 4.887358e+01 3.248432e+01 1.339746e+00
      endloop
   endfacet
   facet normal 2.505366e-01 -9.312579e-02 -9.636177e-01
      outer loop
         vertex 3.845275e+01 7.912354e+00 6.750116e-01
         vertex 3.787011e+01 1.169459e+01 1.580029e-01
         vertex 4.660723e+01 3.330921e+01 3.407417e-01
      endloop
   endfacet
   facet normal 9.419783e-02 -3.338383e-02 -9.949936e-01
      outer loop
         vertex 3.787011e+01 1.169459e+01 1.580029e-01
         vertex 3.727523e+01 1.466901e+01 1.887991e-03
         vertex 4.417512e+01 3.419442e+01 2.368476e-15
      endloop
   endfacet
   facet normal 9.130104e-03 -3.323085e-03 -9.999528e-01
      outer loop
         vertex 3.727523e+01 1.466901e+01 1.887991e-03
         vertex 3.720000e+01 1.503043e+01 0.000000e+00
         vertex 4.417512e+01 3.419442e+01 2.368476e-15
      endloop
   endfacet
   facet normal 1.237468e-01 -4.163924e-02 -9.914398e-01
      outer loop
         vertex 4.417512e+01 3.419442e+01 2.368476e-15
         vertex 4.660723e+01 3.330921e+01 3.407417e-01
         vertex 3.787011e+01 1.169459e+01 1.580029e-01
      endloop
   endfacet
   facet normal 3.606665e-01 -1.279634e-01 -9.238750e-01
      outer loop
         vertex 4.660723e+01 3.330921e+01 3.407417e-01
         vertex 4.887358e+01 3.248432e+01 1.339746e+00
         vertex 3.845275e+01 7.912354e+00 6.750116e-01
      endloop
   endfacet
   facet normal 5.724512e-01 -2.071017e-01 -7.933527e-01
      outer loop
         vertex 4.887358e+01 3.248432e+01 1.339746e+00
         vertex 5.081975e+01 3.177598e+01 2.928932e+00
         vertex 3.870000e+01 3.749551e+00 1.500000e+00
      endloop
   endfacet
   facet normal 7.459187e-01 -2.702132e-01 -6.087611e-01
      outer loop
         vertex 5.081975e+01 3.177598e+01 2.928932e+00
         vertex 5.231310e+01 3.123244e+01 5.000000e+00
         vertex 3.870000e+01 -2.315999e+00 3.211064e+00
      endloop
   endfacet
   facet normal 8.684542e-01 -3.151829e-01 -3.826840e-01
      outer loop
         vertex 5.231310e+01 3.123244e+01 5.000000e+00
         vertex 5.325186e+01 3.089076e+01 7.411809e+00
         vertex 3.870000e+01 -6.591242e+00 5.258770e+00
      endloop
   endfacet
   facet normal 9.319813e-01 -3.381921e-01 -1.305254e-01
      outer loop
         vertex 5.325186e+01 3.089076e+01 7.411809e+00
         vertex 5.357205e+01 3.077422e+01 1.000000e+01
         vertex 3.870000e+01 -1.006614e+01 9.627767e+00
      endloop
   endfacet
   facet normal 9.395298e-01 -3.419608e-01 -1.861482e-02
      outer loop
         vertex 5.357205e+01 3.077422e+01 1.000000e+01
         vertex 3.870000e+01 -1.008640e+01 1.000000e+01
         vertex 3.870000e+01 -1.006614e+01 9.627767e+00
      endloop
   endfacet
   facet normal 9.290685e-01 -3.382020e-01 -1.498370e-01
      outer loop
         vertex 3.870000e+01 -1.006614e+01 9.627767e+00
         vertex 3.870000e+01 -9.076943e+00 7.395030e+00
         vertex 5.325186e+01 3.089076e+01 7.411809e+00
      endloop
   endfacet
   facet normal 8.731264e-01 -3.177417e-01 -3.697168e-01
      outer loop
         vertex 3.870000e+01 -9.076943e+00 7.395030e+00
         vertex 3.870000e+01 -6.591242e+00 5.258770e+00
         vertex 5.325186e+01 3.089076e+01 7.411809e+00
      endloop
   endfacet
   facet normal 7.637282e-01 -2.788560e-01 -5.822015e-01
      outer loop
         vertex 3.870000e+01 -6.591242e+00 5.258770e+00
         vertex 3.870000e+01 -2.315999e+00 3.211064e+00
         vertex 5.231310e+01 3.123244e+01 5.000000e+00
      endloop
   endfacet
   facet normal -3.847174e-01 -4.796389e-03 -9.230220e-01
      outer loop
         vertex -4.939905e+01 3.466109e+01 1.339746e+00
         vertex -4.702714e+01 3.666006e+01 3.407417e-01
         vertex -4.700596e+01 3.496098e+01 3.407417e-01
      endloop
   endfacet
   facet normal -3.847173e-01 -4.796424e-03 -9.230220e-01
      outer loop
         vertex -4.942697e+01 3.690020e+01 1.339746e+00
         vertex -4.702714e+01 3.666006e+01 3.407417e-01
         vertex -4.939905e+01 3.466109e+01 1.339746e+00
      endloop
   endfacet
   facet normal -3.761392e-01 8.093151e-02 -9.230219e-01
      outer loop
         vertex -4.895593e+01 3.908939e+01 1.339746e+00
         vertex -4.666971e+01 3.832126e+01 3.407417e-01
         vertex -4.702714e+01 3.666006e+01 3.407417e-01
      endloop
   endfacet
   facet normal -3.761389e-01 8.093173e-02 -9.230220e-01
      outer loop
         vertex -4.942697e+01 3.690020e+01 1.339746e+00
         vertex -4.895593e+01 3.908939e+01 1.339746e+00
         vertex -4.702714e+01 3.666006e+01 3.407417e-01
      endloop
   endfacet
   facet normal -3.486998e-01 1.626008e-01 -9.230219e-01
      outer loop
         vertex -4.895593e+01 3.908939e+01 1.339746e+00
         vertex -4.595160e+01 3.986127e+01 3.407417e-01
         vertex -4.666971e+01 3.832126e+01 3.407417e-01
      endloop
   endfacet
   facet normal -3.486999e-01 1.626014e-01 -9.230217e-01
      outer loop
         vertex -4.800957e+01 4.111888e+01 1.339746e+00
         vertex -4.595160e+01 3.986127e+01 3.407417e-01
         vertex -4.895593e+01 3.908939e+01 1.339746e+00
      endloop
   endfacet
   facet normal -3.037748e-01 2.361181e-01 -9.230217e-01
      outer loop
         vertex -4.800957e+01 4.111888e+01 1.339746e+00
         vertex -4.490879e+01 4.120288e+01 3.407417e-01
         vertex -4.595160e+01 3.986127e+01 3.407417e-01
      endloop
   endfacet
   facet normal -3.037748e-01 2.361169e-01 -9.230220e-01
      outer loop
         vertex -4.663533e+01 4.288689e+01 1.339746e+00
         vertex -4.490879e+01 4.120288e+01 3.407417e-01
         vertex -4.800957e+01 4.111888e+01 1.339746e+00
      endloop
   endfacet
   facet normal -2.436177e-01 2.977937e-01 -9.230218e-01
      outer loop
         vertex -4.490212e+01 4.430478e+01 1.339746e+00
         vertex -4.359361e+01 4.227880e+01 3.407417e-01
         vertex -4.490879e+01 4.120288e+01 3.407417e-01
      endloop
   endfacet
   facet normal -2.436168e-01 2.977938e-01 -9.230221e-01
      outer loop
         vertex -4.663533e+01 4.288689e+01 1.339746e+00
         vertex -4.490212e+01 4.430478e+01 1.339746e+00
         vertex -4.490879e+01 4.120288e+01 3.407417e-01
      endloop
   endfacet
   facet normal -6.111300e-01 -7.619200e-03 -7.914936e-01
      outer loop
         vertex -5.148774e+01 3.710641e+01 2.928932e+00
         vertex -4.942697e+01 3.690020e+01 1.339746e+00
         vertex -4.939905e+01 3.466109e+01 1.339746e+00
      endloop
   endfacet
   facet normal -6.111296e-01 -7.618678e-03 -7.914939e-01
      outer loop
         vertex -5.145405e+01 3.440356e+01 2.928932e+00
         vertex -5.148774e+01 3.710641e+01 2.928932e+00
         vertex -4.939905e+01 3.466109e+01 1.339746e+00
      endloop
   endfacet
   facet normal -5.975028e-01 1.285614e-01 -7.914938e-01
      outer loop
         vertex -5.091916e+01 3.974900e+01 2.928932e+00
         vertex -4.895593e+01 3.908939e+01 1.339746e+00
         vertex -4.942697e+01 3.690020e+01 1.339746e+00
      endloop
   endfacet
   facet normal -5.975031e-01 1.285611e-01 -7.914936e-01
      outer loop
         vertex -5.148774e+01 3.710641e+01 2.928932e+00
         vertex -5.091916e+01 3.974900e+01 2.928932e+00
         vertex -4.942697e+01 3.690020e+01 1.339746e+00
      endloop
   endfacet
   facet normal -5.539150e-01 2.582947e-01 -7.914935e-01
      outer loop
         vertex -4.977679e+01 4.219880e+01 2.928932e+00
         vertex -4.800957e+01 4.111888e+01 1.339746e+00
         vertex -4.895593e+01 3.908939e+01 1.339746e+00
      endloop
   endfacet
   facet normal -5.539147e-01 2.582949e-01 -7.914937e-01
      outer loop
         vertex -5.091916e+01 3.974900e+01 2.928932e+00
         vertex -4.977679e+01 4.219880e+01 2.928932e+00
         vertex -4.895593e+01 3.908939e+01 1.339746e+00
      endloop
   endfacet
   facet normal -4.825517e-01 3.750758e-01 -7.914935e-01
      outer loop
         vertex -4.977679e+01 4.219880e+01 2.928932e+00
         vertex -4.663533e+01 4.288689e+01 1.339746e+00
         vertex -4.800957e+01 4.111888e+01 1.339746e+00
      endloop
   endfacet
   facet normal -4.825517e-01 3.750759e-01 -7.914935e-01
      outer loop
         vertex -4.811794e+01 4.433299e+01 2.928932e+00
         vertex -4.663533e+01 4.288689e+01 1.339746e+00
         vertex -4.977679e+01 4.219880e+01 2.928932e+00
      endloop
   endfacet
   facet normal -3.869896e-01 4.730507e-01 -7.914936e-01
      outer loop
         vertex -4.602577e+01 4.604453e+01 2.928932e+00
         vertex -4.490212e+01 4.430478e+01 1.339746e+00
         vertex -4.663533e+01 4.288689e+01 1.339746e+00
      endloop
   endfacet
   facet normal -3.869898e-01 4.730507e-01 -7.914935e-01
      outer loop
         vertex -4.811794e+01 4.433299e+01 2.928932e+00
         vertex -4.602577e+01 4.604453e+01 2.928932e+00
         vertex -4.663533e+01 4.288689e+01 1.339746e+00
      endloop
   endfacet
   facet normal -7.951405e-01 -9.912659e-03 -6.063443e-01
      outer loop
         vertex -5.306903e+01 3.726464e+01 5.000000e+00
         vertex -5.148774e+01 3.710641e+01 2.928932e+00
         vertex -5.145405e+01 3.440356e+01 2.928932e+00
      endloop
   endfacet
   facet normal -7.951412e-01 -9.913779e-03 -6.063433e-01
      outer loop
         vertex -5.303090e+01 3.420596e+01 5.000000e+00
         vertex -5.306903e+01 3.726464e+01 5.000000e+00
         vertex -5.145405e+01 3.440356e+01 2.928932e+00
      endloop
   endfacet
   facet normal -7.774111e-01 1.672708e-01 -6.063436e-01
      outer loop
         vertex -5.242559e+01 4.025513e+01 5.000000e+00
         vertex -5.091916e+01 3.974900e+01 2.928932e+00
         vertex -5.148774e+01 3.710641e+01 2.928932e+00
      endloop
   endfacet
   facet normal -7.774105e-01 1.672713e-01 -6.063441e-01
      outer loop
         vertex -5.306903e+01 3.726464e+01 5.000000e+00
         vertex -5.242559e+01 4.025513e+01 5.000000e+00
         vertex -5.148774e+01 3.710641e+01 2.928932e+00
      endloop
   endfacet
   facet normal -7.206982e-01 3.360674e-01 -6.063437e-01
      outer loop
         vertex -5.242559e+01 4.025513e+01 5.000000e+00
         vertex -4.977679e+01 4.219880e+01 2.928932e+00
         vertex -5.091916e+01 3.974900e+01 2.928932e+00
      endloop
   endfacet
   facet normal -7.206981e-01 3.360664e-01 -6.063445e-01
      outer loop
         vertex -5.113283e+01 4.302746e+01 5.000000e+00
         vertex -4.977679e+01 4.219880e+01 2.928932e+00
         vertex -5.242559e+01 4.025513e+01 5.000000e+00
      endloop
   endfacet
   facet normal -6.278478e-01 4.880111e-01 -6.063435e-01
      outer loop
         vertex -4.925558e+01 4.544262e+01 5.000000e+00
         vertex -4.811794e+01 4.433299e+01 2.928932e+00
         vertex -4.977679e+01 4.219880e+01 2.928932e+00
      endloop
   endfacet
   facet normal -6.278464e-01 4.880115e-01 -6.063445e-01
      outer loop
         vertex -5.113283e+01 4.302746e+01 5.000000e+00
         vertex -4.925558e+01 4.544262e+01 5.000000e+00
         vertex -4.977679e+01 4.219880e+01 2.928932e+00
      endloop
   endfacet
   facet normal -5.035115e-01 6.154853e-01 -6.063448e-01
      outer loop
         vertex -4.688798e+01 4.737949e+01 5.000000e+00
         vertex -4.602577e+01 4.604453e+01 2.928932e+00
         vertex -4.811794e+01 4.433299e+01 2.928932e+00
      endloop
   endfacet
   facet normal -5.035133e-01 6.154851e-01 -6.063435e-01
      outer loop
         vertex -4.925558e+01 4.544262e+01 5.000000e+00
         vertex -4.688798e+01 4.737949e+01 5.000000e+00
         vertex -4.811794e+01 4.433299e+01 2.928932e+00
      endloop
   endfacet
   facet normal -9.246566e-01 -1.152857e-02 -3.806274e-01
      outer loop
         vertex -5.402215e+01 3.408174e+01 7.411809e+00
         vertex -5.306903e+01 3.726464e+01 5.000000e+00
         vertex -5.303090e+01 3.420596e+01 5.000000e+00
      endloop
   endfacet
   facet normal -9.246572e-01 -1.152737e-02 -3.806260e-01
      outer loop
         vertex -5.406307e+01 3.736412e+01 7.411809e+00
         vertex -5.306903e+01 3.726464e+01 5.000000e+00
         vertex -5.402215e+01 3.408174e+01 7.411809e+00
      endloop
   endfacet
   facet normal -9.040391e-01 1.945173e-01 -3.806262e-01
      outer loop
         vertex -5.406307e+01 3.736412e+01 7.411809e+00
         vertex -5.242559e+01 4.025513e+01 5.000000e+00
         vertex -5.306903e+01 3.726464e+01 5.000000e+00
      endloop
   endfacet
   facet normal -9.040390e-01 1.945169e-01 -3.806267e-01
      outer loop
         vertex -5.337257e+01 4.057330e+01 7.411809e+00
         vertex -5.242559e+01 4.025513e+01 5.000000e+00
         vertex -5.406307e+01 3.736412e+01 7.411809e+00
      endloop
   endfacet
   facet normal -8.380892e-01 3.908067e-01 -3.806266e-01
      outer loop
         vertex -5.337257e+01 4.057330e+01 7.411809e+00
         vertex -5.113283e+01 4.302746e+01 5.000000e+00
         vertex -5.242559e+01 4.025513e+01 5.000000e+00
      endloop
   endfacet
   facet normal -8.380892e-01 3.908070e-01 -3.806264e-01
      outer loop
         vertex -5.198527e+01 4.354838e+01 7.411809e+00
         vertex -5.113283e+01 4.302746e+01 5.000000e+00
         vertex -5.337257e+01 4.057330e+01 7.411809e+00
      endloop
   endfacet
   facet normal -7.301134e-01 5.675015e-01 -3.806264e-01
      outer loop
         vertex -5.198527e+01 4.354838e+01 7.411809e+00
         vertex -4.925558e+01 4.544262e+01 5.000000e+00
         vertex -5.113283e+01 4.302746e+01 5.000000e+00
      endloop
   endfacet
   facet normal -7.301135e-01 5.675010e-01 -3.806269e-01
      outer loop
         vertex -4.997074e+01 4.614016e+01 7.411809e+00
         vertex -4.925558e+01 4.544262e+01 5.000000e+00
         vertex -5.198527e+01 4.354838e+01 7.411809e+00
      endloop
   endfacet
   facet normal -5.855275e-01 7.157377e-01 -3.806272e-01
      outer loop
         vertex -4.997074e+01 4.614016e+01 7.411809e+00
         vertex -4.688798e+01 4.737949e+01 5.000000e+00
         vertex -4.925558e+01 4.544262e+01 5.000000e+00
      endloop
   endfacet
   facet normal -5.855269e-01 7.157389e-01 -3.806258e-01
      outer loop
         vertex -4.742999e+01 4.821868e+01 7.411809e+00
         vertex -4.688798e+01 4.737949e+01 5.000000e+00
         vertex -4.997074e+01 4.614016e+01 7.411809e+00
      endloop
   endfacet
   facet normal -5.845618e-02 1.176117e-01 -9.913377e-01
      outer loop
         vertex -4.359361e+01 4.227880e+01 3.407417e-01
         vertex -4.207198e+01 4.303509e+01 3.407417e-01
         vertex -4.118676e+01 4.060299e+01 0.000000e+00
      endloop
   endfacet
   facet normal -1.712444e-01 3.445377e-01 -9.230217e-01
      outer loop
         vertex -4.359361e+01 4.227880e+01 3.407417e-01
         vertex -4.289686e+01 4.530145e+01 1.339746e+00
         vertex -4.207198e+01 4.303509e+01 3.407417e-01
      endloop
   endfacet
   facet normal -2.720238e-01 5.473032e-01 -7.914937e-01
      outer loop
         vertex -4.490212e+01 4.430478e+01 1.339746e+00
         vertex -4.360521e+01 4.724762e+01 2.928932e+00
         vertex -4.289686e+01 4.530145e+01 1.339746e+00
      endloop
   endfacet
   facet normal -3.539303e-01 7.120959e-01 -6.063438e-01
      outer loop
         vertex -4.602577e+01 4.604453e+01 2.928932e+00
         vertex -4.414874e+01 4.874096e+01 5.000000e+00
         vertex -4.360521e+01 4.724762e+01 2.928932e+00
      endloop
   endfacet
   facet normal -4.115790e-01 8.280855e-01 -3.806272e-01
      outer loop
         vertex -4.688798e+01 4.737949e+01 5.000000e+00
         vertex -4.449042e+01 4.967972e+01 7.411809e+00
         vertex -4.414874e+01 4.874096e+01 5.000000e+00
      endloop
   endfacet
   facet normal -4.413212e-01 8.879238e-01 -1.297190e-01
      outer loop
         vertex -4.761485e+01 4.850491e+01 1.000000e+01
         vertex -4.460696e+01 4.999991e+01 1.000000e+01
         vertex -4.449042e+01 4.967972e+01 7.411809e+00
      endloop
   endfacet
   facet normal -6.278372e-01 7.674589e-01 -1.297197e-01
      outer loop
         vertex -4.997074e+01 4.614016e+01 7.411809e+00
         vertex -5.021466e+01 4.637808e+01 1.000000e+01
         vertex -4.761485e+01 4.850491e+01 1.000000e+01
      endloop
   endfacet
   facet normal -7.828728e-01 6.085089e-01 -1.297192e-01
      outer loop
         vertex -5.198527e+01 4.354838e+01 7.411809e+00
         vertex -5.227602e+01 4.372605e+01 1.000000e+01
         vertex -5.021466e+01 4.637808e+01 1.000000e+01
      endloop
   endfacet
   facet normal -8.986499e-01 4.190477e-01 -1.297203e-01
      outer loop
         vertex -5.337257e+01 4.057330e+01 7.411809e+00
         vertex -5.369557e+01 4.068182e+01 1.000000e+01
         vertex -5.227602e+01 4.372605e+01 1.000000e+01
      endloop
   endfacet
   facet normal -9.693660e-01 2.085723e-01 -1.297198e-01
      outer loop
         vertex -5.406307e+01 3.736412e+01 7.411809e+00
         vertex -5.440212e+01 3.739804e+01 1.000000e+01
         vertex -5.369557e+01 4.068182e+01 1.000000e+01
      endloop
   endfacet
   facet normal -9.914737e-01 -1.236110e-02 -1.297191e-01
      outer loop
         vertex -5.402215e+01 3.408174e+01 7.411809e+00
         vertex -5.436025e+01 3.403937e+01 1.000000e+01
         vertex -5.440212e+01 3.739804e+01 1.000000e+01
      endloop
   endfacet
   facet normal -9.638648e-01 -2.326752e-01 -1.297186e-01
      outer loop
         vertex -5.325186e+01 3.089076e+01 7.411809e+00
         vertex -5.357205e+01 3.077422e+01 1.000000e+01
         vertex -5.436025e+01 3.403937e+01 1.000000e+01
      endloop
   endfacet
   facet normal -8.989083e-01 -2.169944e-01 -3.806275e-01
      outer loop
         vertex -5.303090e+01 3.420596e+01 5.000000e+00
         vertex -5.231310e+01 3.123244e+01 5.000000e+00
         vertex -5.325186e+01 3.089076e+01 7.411809e+00
      endloop
   endfacet
   facet normal -7.729988e-01 -1.866009e-01 -6.063439e-01
      outer loop
         vertex -5.145405e+01 3.440356e+01 2.928932e+00
         vertex -5.081975e+01 3.177598e+01 2.928932e+00
         vertex -5.231310e+01 3.123244e+01 5.000000e+00
      endloop
   endfacet
   facet normal -5.941122e-01 -1.434175e-01 -7.914936e-01
      outer loop
         vertex -4.939905e+01 3.466109e+01 1.339746e+00
         vertex -4.887358e+01 3.248432e+01 1.339746e+00
         vertex -5.081975e+01 3.177598e+01 2.928932e+00
      endloop
   endfacet
   facet normal -3.740049e-01 -9.028353e-02 -9.230218e-01
      outer loop
         vertex -4.700596e+01 3.496098e+01 3.407417e-01
         vertex -4.660723e+01 3.330921e+01 3.407417e-01
         vertex -4.887358e+01 3.248432e+01 1.339746e+00
      endloop
   endfacet
   facet normal -1.276706e-01 -3.081927e-02 -9.913377e-01
      outer loop
         vertex -4.700596e+01 3.496098e+01 3.407417e-01
         vertex -4.417512e+01 3.419442e+01 0.000000e+00
         vertex -4.660723e+01 3.330921e+01 3.407417e-01
      endloop
   endfacet
   facet normal -1.246006e-01 -1.917800e-02 -9.920216e-01
      outer loop
         vertex -4.700596e+01 3.496098e+01 3.407417e-01
         vertex -4.447190e+01 3.612262e+01 0.000000e+00
         vertex -4.417512e+01 3.419442e+01 0.000000e+00
      endloop
   endfacet
   facet normal -1.235371e-01 3.022936e-02 -9.918794e-01
      outer loop
         vertex -4.666971e+01 3.832126e+01 3.407417e-01
         vertex -4.400820e+01 3.801762e+01 0.000000e+00
         vertex -4.447190e+01 3.612262e+01 0.000000e+00
      endloop
   endfacet
   facet normal -1.025650e-01 7.520376e-02 -9.918794e-01
      outer loop
         vertex -4.595160e+01 3.986127e+01 3.407417e-01
         vertex -4.285461e+01 3.959091e+01 0.000000e+00
         vertex -4.400820e+01 3.801762e+01 0.000000e+00
      endloop
   endfacet
   facet normal -6.540069e-02 1.077769e-01 -9.920216e-01
      outer loop
         vertex -4.359361e+01 4.227880e+01 3.407417e-01
         vertex -4.118676e+01 4.060299e+01 0.000000e+00
         vertex -4.285461e+01 3.959091e+01 0.000000e+00
      endloop
   endfacet
   facet normal -1.325213e-01 -1.652184e-03 -9.911788e-01
      outer loop
         vertex -4.447190e+01 3.612262e+01 0.000000e+00
         vertex -4.700596e+01 3.496098e+01 3.407417e-01
         vertex -4.702714e+01 3.666006e+01 3.407417e-01
      endloop
   endfacet
   facet normal -1.204798e-01 5.618042e-02 -9.911248e-01
      outer loop
         vertex -4.400820e+01 3.801762e+01 0.000000e+00
         vertex -4.666971e+01 3.832126e+01 3.407417e-01
         vertex -4.595160e+01 3.986127e+01 3.407417e-01
      endloop
   endfacet
   facet normal -8.391748e-02 1.025792e-01 -9.911788e-01
      outer loop
         vertex -4.285461e+01 3.959091e+01 0.000000e+00
         vertex -4.490879e+01 4.120288e+01 3.407417e-01
         vertex -4.359361e+01 4.227880e+01 3.407417e-01
      endloop
   endfacet
   facet normal -3.740044e-01 -9.028393e-02 -9.230219e-01
      outer loop
         vertex -4.887358e+01 3.248432e+01 1.339746e+00
         vertex -4.939905e+01 3.466109e+01 1.339746e+00
         vertex -4.700596e+01 3.496098e+01 3.407417e-01
      endloop
   endfacet
   facet normal -1.712440e-01 3.445376e-01 -9.230218e-01
      outer loop
         vertex -4.289686e+01 4.530145e+01 1.339746e+00
         vertex -4.359361e+01 4.227880e+01 3.407417e-01
         vertex -4.490212e+01 4.430478e+01 1.339746e+00
      endloop
   endfacet
   facet normal -5.941118e-01 -1.434178e-01 -7.914938e-01
      outer loop
         vertex -5.081975e+01 3.177598e+01 2.928932e+00
         vertex -5.145405e+01 3.440356e+01 2.928932e+00
         vertex -4.939905e+01 3.466109e+01 1.339746e+00
      endloop
   endfacet
   facet normal -2.720241e-01 5.473033e-01 -7.914935e-01
      outer loop
         vertex -4.360521e+01 4.724762e+01 2.928932e+00
         vertex -4.490212e+01 4.430478e+01 1.339746e+00
         vertex -4.602577e+01 4.604453e+01 2.928932e+00
      endloop
   endfacet
   facet normal -7.729994e-01 -1.866003e-01 -6.063433e-01
      outer loop
         vertex -5.231310e+01 3.123244e+01 5.000000e+00
         vertex -5.303090e+01 3.420596e+01 5.000000e+00
         vertex -5.145405e+01 3.440356e+01 2.928932e+00
      endloop
   endfacet
   facet normal -3.539291e-01 7.120957e-01 -6.063447e-01
      outer loop
         vertex -4.414874e+01 4.874096e+01 5.000000e+00
         vertex -4.602577e+01 4.604453e+01 2.928932e+00
         vertex -4.688798e+01 4.737949e+01 5.000000e+00
      endloop
   endfacet
   facet normal -8.989083e-01 -2.169944e-01 -3.806275e-01
      outer loop
         vertex -5.325186e+01 3.089076e+01 7.411809e+00
         vertex -5.402215e+01 3.408174e+01 7.411809e+00
         vertex -5.303090e+01 3.420596e+01 5.000000e+00
      endloop
   endfacet
   facet normal -4.115803e-01 8.280855e-01 -3.806259e-01
      outer loop
         vertex -4.449042e+01 4.967972e+01 7.411809e+00
         vertex -4.688798e+01 4.737949e+01 5.000000e+00
         vertex -4.742999e+01 4.821868e+01 7.411809e+00
      endloop
   endfacet
   facet normal -9.914736e-01 -1.236035e-02 -1.297200e-01
      outer loop
         vertex -5.440212e+01 3.739804e+01 1.000000e+01
         vertex -5.406307e+01 3.736412e+01 7.411809e+00
         vertex -5.402215e+01 3.408174e+01 7.411809e+00
      endloop
   endfacet
   facet normal -9.693658e-01 2.085728e-01 -1.297205e-01
      outer loop
         vertex -5.369557e+01 4.068182e+01 1.000000e+01
         vertex -5.337257e+01 4.057330e+01 7.411809e+00
         vertex -5.406307e+01 3.736412e+01 7.411809e+00
      endloop
   endfacet
   facet normal -8.986504e-01 4.190471e-01 -1.297193e-01
      outer loop
         vertex -5.227602e+01 4.372605e+01 1.000000e+01
         vertex -5.198527e+01 4.354838e+01 7.411809e+00
         vertex -5.337257e+01 4.057330e+01 7.411809e+00
      endloop
   endfacet
   facet normal -7.828724e-01 6.085093e-01 -1.297198e-01
      outer loop
         vertex -5.021466e+01 4.637808e+01 1.000000e+01
         vertex -4.997074e+01 4.614016e+01 7.411809e+00
         vertex -5.198527e+01 4.354838e+01 7.411809e+00
      endloop
   endfacet
   facet normal -6.278375e-01 7.674588e-01 -1.297193e-01
      outer loop
         vertex -4.761485e+01 4.850491e+01 1.000000e+01
         vertex -4.742999e+01 4.821868e+01 7.411809e+00
         vertex -4.997074e+01 4.614016e+01 7.411809e+00
      endloop
   endfacet
   facet normal -4.413214e-01 8.879236e-01 -1.297193e-01
      outer loop
         vertex -4.742999e+01 4.821868e+01 7.411809e+00
         vertex -4.761485e+01 4.850491e+01 1.000000e+01
         vertex -4.449042e+01 4.967972e+01 7.411809e+00
      endloop
   endfacet
   facet normal -9.638648e-01 -2.326748e-01 -1.297191e-01
      outer loop
         vertex -5.325186e+01 3.089076e+01 7.411809e+00
         vertex -5.436025e+01 3.403937e+01 1.000000e+01
         vertex -5.402215e+01 3.408174e+01 7.411809e+00
      endloop
   endfacet
   facet normal -1.265040e-01 2.721908e-02 -9.915926e-01
      outer loop
         vertex -4.702714e+01 3.666006e+01 3.407417e-01
         vertex -4.666971e+01 3.832126e+01 3.407417e-01
         vertex -4.447190e+01 3.612262e+01 0.000000e+00
      endloop
   endfacet
   facet normal -1.021661e-01 7.941172e-02 -9.915926e-01
      outer loop
         vertex -4.490879e+01 4.120288e+01 3.407417e-01
         vertex -4.285461e+01 3.959091e+01 0.000000e+00
         vertex -4.595160e+01 3.986127e+01 3.407417e-01
      endloop
   endfacet
   facet normal -4.464254e-02 1.226545e-01 -9.914449e-01
      outer loop
         vertex -4.118676e+01 4.060299e+01 0.000000e+00
         vertex -4.207198e+01 4.303509e+01 3.407417e-01
         vertex -3.605794e+01 4.522402e+01 3.407417e-01
      endloop
   endfacet
   facet normal -4.464259e-02 1.226546e-01 -9.914449e-01
      outer loop
         vertex -4.118676e+01 4.060299e+01 0.000000e+00
         vertex -3.605794e+01 4.522402e+01 3.407417e-01
         vertex -3.517273e+01 4.279192e+01 0.000000e+00
      endloop
   endfacet
   facet normal -1.308856e-01 3.596051e-01 -9.238794e-01
      outer loop
         vertex -4.207198e+01 4.303509e+01 3.407417e-01
         vertex -4.289686e+01 4.530145e+01 1.339746e+00
         vertex -3.688283e+01 4.749038e+01 1.339746e+00
      endloop
   endfacet
   facet normal -1.308853e-01 3.596047e-01 -9.238796e-01
      outer loop
         vertex -4.207198e+01 4.303509e+01 3.407417e-01
         vertex -3.688283e+01 4.749038e+01 1.339746e+00
         vertex -3.605794e+01 4.522402e+01 3.407417e-01
      endloop
   endfacet
   facet normal -2.082088e-01 5.720486e-01 -7.933533e-01
      outer loop
         vertex -4.289686e+01 4.530145e+01 1.339746e+00
         vertex -4.360521e+01 4.724762e+01 2.928932e+00
         vertex -3.759118e+01 4.943655e+01 2.928932e+00
      endloop
   endfacet
   facet normal -2.082088e-01 5.720486e-01 -7.933533e-01
      outer loop
         vertex -4.289686e+01 4.530145e+01 1.339746e+00
         vertex -3.759118e+01 4.943655e+01 2.928932e+00
         vertex -3.688283e+01 4.749038e+01 1.339746e+00
      endloop
   endfacet
   facet normal -2.713429e-01 7.455082e-01 -6.087615e-01
      outer loop
         vertex -4.360521e+01 4.724762e+01 2.928932e+00
         vertex -4.414874e+01 4.874096e+01 5.000000e+00
         vertex -3.813471e+01 5.092989e+01 5.000000e+00
      endloop
   endfacet
   facet normal -2.713429e-01 7.455082e-01 -6.087615e-01
      outer loop
         vertex -4.360521e+01 4.724762e+01 2.928932e+00
         vertex -3.813471e+01 5.092989e+01 5.000000e+00
         vertex -3.759118e+01 4.943655e+01 2.928932e+00
      endloop
   endfacet
   facet normal -3.159850e-01 8.681627e-01 -3.826839e-01
      outer loop
         vertex -4.414874e+01 4.874096e+01 5.000000e+00
         vertex -4.449042e+01 4.967972e+01 7.411809e+00
         vertex -3.847639e+01 5.186865e+01 7.411809e+00
      endloop
   endfacet
   facet normal -3.159856e-01 8.681630e-01 -3.826828e-01
      outer loop
         vertex -4.414874e+01 4.874096e+01 5.000000e+00
         vertex -3.847639e+01 5.186865e+01 7.411809e+00
         vertex -3.813471e+01 5.092989e+01 5.000000e+00
      endloop
   endfacet
   facet normal -3.390943e-01 9.316534e-01 -1.305257e-01
      outer loop
         vertex -4.449042e+01 4.967972e+01 7.411809e+00
         vertex -4.460696e+01 4.999991e+01 1.000000e+01
         vertex -3.859293e+01 5.218884e+01 1.000000e+01
      endloop
   endfacet
   facet normal -3.390937e-01 9.316534e-01 -1.305271e-01
      outer loop
         vertex -4.449042e+01 4.967972e+01 7.411809e+00
         vertex -3.859293e+01 5.218884e+01 1.000000e+01
         vertex -3.847639e+01 5.186865e+01 7.411809e+00
      endloop
   endfacet
   facet normal -4.796399e-03 3.847173e-01 -9.230220e-01
      outer loop
         vertex -3.246695e+01 4.804376e+01 1.339746e+00
         vertex -3.270709e+01 4.564394e+01 3.407417e-01
         vertex -3.440617e+01 4.562275e+01 3.407417e-01
      endloop
   endfacet
   facet normal -4.796424e-03 3.847174e-01 -9.230220e-01
      outer loop
         vertex -3.470607e+01 4.801585e+01 1.339746e+00
         vertex -3.246695e+01 4.804376e+01 1.339746e+00
         vertex -3.440617e+01 4.562275e+01 3.407417e-01
      endloop
   endfacet
   facet normal 8.093150e-02 3.761391e-01 -9.230219e-01
      outer loop
         vertex -3.027776e+01 4.757273e+01 1.339746e+00
         vertex -3.104589e+01 4.528651e+01 3.407417e-01
         vertex -3.270709e+01 4.564394e+01 3.407417e-01
      endloop
   endfacet
   facet normal 8.093166e-02 3.761389e-01 -9.230220e-01
      outer loop
         vertex -3.246695e+01 4.804376e+01 1.339746e+00
         vertex -3.027776e+01 4.757273e+01 1.339746e+00
         vertex -3.270709e+01 4.564394e+01 3.407417e-01
      endloop
   endfacet
   facet normal 1.626014e-01 3.486994e-01 -9.230219e-01
      outer loop
         vertex -2.824828e+01 4.662636e+01 1.339746e+00
         vertex -2.950588e+01 4.456839e+01 3.407417e-01
         vertex -3.104589e+01 4.528651e+01 3.407417e-01
      endloop
   endfacet
   facet normal 1.626014e-01 3.486995e-01 -9.230219e-01
      outer loop
         vertex -3.027776e+01 4.757273e+01 1.339746e+00
         vertex -2.824828e+01 4.662636e+01 1.339746e+00
         vertex -3.104589e+01 4.528651e+01 3.407417e-01
      endloop
   endfacet
   facet normal 2.361170e-01 3.037749e-01 -9.230220e-01
      outer loop
         vertex -2.824828e+01 4.662636e+01 1.339746e+00
         vertex -2.816427e+01 4.352559e+01 3.407417e-01
         vertex -2.950588e+01 4.456839e+01 3.407417e-01
      endloop
   endfacet
   facet normal 2.361176e-01 3.037749e-01 -9.230218e-01
      outer loop
         vertex -2.648026e+01 4.525212e+01 1.339746e+00
         vertex -2.816427e+01 4.352559e+01 3.407417e-01
         vertex -2.824828e+01 4.662636e+01 1.339746e+00
      endloop
   endfacet
   facet normal 2.977938e-01 2.436170e-01 -9.230220e-01
      outer loop
         vertex -2.506237e+01 4.351892e+01 1.339746e+00
         vertex -2.708835e+01 4.221040e+01 3.407417e-01
         vertex -2.816427e+01 4.352559e+01 3.407417e-01
      endloop
   endfacet
   facet normal 2.977938e-01 2.436176e-01 -9.230219e-01
      outer loop
         vertex -2.648026e+01 4.525212e+01 1.339746e+00
         vertex -2.506237e+01 4.351892e+01 1.339746e+00
         vertex -2.816427e+01 4.352559e+01 3.407417e-01
      endloop
   endfacet
   facet normal -7.619203e-03 6.111303e-01 -7.914934e-01
      outer loop
         vertex -3.496359e+01 5.007084e+01 2.928932e+00
         vertex -3.246695e+01 4.804376e+01 1.339746e+00
         vertex -3.470607e+01 4.801585e+01 1.339746e+00
      endloop
   endfacet
   facet normal -7.619546e-03 6.111300e-01 -7.914936e-01
      outer loop
         vertex -3.226074e+01 5.010454e+01 2.928932e+00
         vertex -3.246695e+01 4.804376e+01 1.339746e+00
         vertex -3.496359e+01 5.007084e+01 2.928932e+00
      endloop
   endfacet
   facet normal 1.285613e-01 5.975031e-01 -7.914936e-01
      outer loop
         vertex -3.226074e+01 5.010454e+01 2.928932e+00
         vertex -3.027776e+01 4.757273e+01 1.339746e+00
         vertex -3.246695e+01 4.804376e+01 1.339746e+00
      endloop
   endfacet
   facet normal 1.285609e-01 5.975029e-01 -7.914938e-01
      outer loop
         vertex -2.961815e+01 4.953595e+01 2.928932e+00
         vertex -3.027776e+01 4.757273e+01 1.339746e+00
         vertex -3.226074e+01 5.010454e+01 2.928932e+00
      endloop
   endfacet
   facet normal 2.582949e-01 5.539148e-01 -7.914937e-01
      outer loop
         vertex -2.716835e+01 4.839359e+01 2.928932e+00
         vertex -2.824828e+01 4.662636e+01 1.339746e+00
         vertex -3.027776e+01 4.757273e+01 1.339746e+00
      endloop
   endfacet
   facet normal 2.582950e-01 5.539145e-01 -7.914938e-01
      outer loop
         vertex -2.961815e+01 4.953595e+01 2.928932e+00
         vertex -2.716835e+01 4.839359e+01 2.928932e+00
         vertex -3.027776e+01 4.757273e+01 1.339746e+00
      endloop
   endfacet
   facet normal 3.750764e-01 4.825510e-01 -7.914936e-01
      outer loop
         vertex -2.716835e+01 4.839359e+01 2.928932e+00
         vertex -2.648026e+01 4.525212e+01 1.339746e+00
         vertex -2.824828e+01 4.662636e+01 1.339746e+00
      endloop
   endfacet
   facet normal 3.750763e-01 4.825510e-01 -7.914937e-01
      outer loop
         vertex -2.503416e+01 4.673473e+01 2.928932e+00
         vertex -2.648026e+01 4.525212e+01 1.339746e+00
         vertex -2.716835e+01 4.839359e+01 2.928932e+00
      endloop
   endfacet
   facet normal 4.730499e-01 3.869902e-01 -7.914937e-01
      outer loop
         vertex -2.503416e+01 4.673473e+01 2.928932e+00
         vertex -2.506237e+01 4.351892e+01 1.339746e+00
         vertex -2.648026e+01 4.525212e+01 1.339746e+00
      endloop
   endfacet
   facet normal 4.730499e-01 3.869902e-01 -7.914937e-01
      outer loop
         vertex -2.332262e+01 4.464257e+01 2.928932e+00
         vertex -2.506237e+01 4.351892e+01 1.339746e+00
         vertex -2.503416e+01 4.673473e+01 2.928932e+00
      endloop
   endfacet
   facet normal -9.913781e-03 7.951405e-01 -6.063442e-01
      outer loop
         vertex -3.516119e+01 5.164769e+01 5.000000e+00
         vertex -3.226074e+01 5.010454e+01 2.928932e+00
         vertex -3.496359e+01 5.007084e+01 2.928932e+00
      endloop
   endfacet
   facet normal -9.912775e-03 7.951412e-01 -6.063433e-01
      outer loop
         vertex -3.210250e+01 5.168583e+01 5.000000e+00
         vertex -3.226074e+01 5.010454e+01 2.928932e+00
         vertex -3.516119e+01 5.164769e+01 5.000000e+00
      endloop
   endfacet
   facet normal 1.672706e-01 7.774112e-01 -6.063434e-01
      outer loop
         vertex -3.210250e+01 5.168583e+01 5.000000e+00
         vertex -2.961815e+01 4.953595e+01 2.928932e+00
         vertex -3.226074e+01 5.010454e+01 2.928932e+00
      endloop
   endfacet
   facet normal 1.672707e-01 7.774112e-01 -6.063434e-01
      outer loop
         vertex -2.911202e+01 5.104238e+01 5.000000e+00
         vertex -2.961815e+01 4.953595e+01 2.928932e+00
         vertex -3.210250e+01 5.168583e+01 5.000000e+00
      endloop
   endfacet
   facet normal 3.360678e-01 7.206984e-01 -6.063433e-01
      outer loop
         vertex -2.911202e+01 5.104238e+01 5.000000e+00
         vertex -2.716835e+01 4.839359e+01 2.928932e+00
         vertex -2.961815e+01 4.953595e+01 2.928932e+00
      endloop
   endfacet
   facet normal 3.360673e-01 7.206983e-01 -6.063437e-01
      outer loop
         vertex -2.633969e+01 4.974962e+01 5.000000e+00
         vertex -2.716835e+01 4.839359e+01 2.928932e+00
         vertex -2.911202e+01 5.104238e+01 5.000000e+00
      endloop
   endfacet
   facet normal 4.880116e-01 6.278470e-01 -6.063438e-01
      outer loop
         vertex -2.633969e+01 4.974962e+01 5.000000e+00
         vertex -2.503416e+01 4.673473e+01 2.928932e+00
         vertex -2.716835e+01 4.839359e+01 2.928932e+00
      endloop
   endfacet
   facet normal 4.880120e-01 6.278470e-01 -6.063435e-01
      outer loop
         vertex -2.392454e+01 4.787238e+01 5.000000e+00
         vertex -2.503416e+01 4.673473e+01 2.928932e+00
         vertex -2.633969e+01 4.974962e+01 5.000000e+00
      endloop
   endfacet
   facet normal 6.154853e-01 5.035131e-01 -6.063435e-01
      outer loop
         vertex -2.392454e+01 4.787238e+01 5.000000e+00
         vertex -2.332262e+01 4.464257e+01 2.928932e+00
         vertex -2.503416e+01 4.673473e+01 2.928932e+00
      endloop
   endfacet
   facet normal 6.154854e-01 5.035130e-01 -6.063434e-01
      outer loop
         vertex -2.198766e+01 4.550477e+01 5.000000e+00
         vertex -2.332262e+01 4.464257e+01 2.928932e+00
         vertex -2.392454e+01 4.787238e+01 5.000000e+00
      endloop
   endfacet
   facet normal -1.152740e-02 9.246567e-01 -3.806273e-01
      outer loop
         vertex -3.200304e+01 5.267987e+01 7.411809e+00
         vertex -3.210250e+01 5.168583e+01 5.000000e+00
         vertex -3.516119e+01 5.164769e+01 5.000000e+00
      endloop
   endfacet
   facet normal -1.152845e-02 9.246572e-01 -3.806261e-01
      outer loop
         vertex -3.528542e+01 5.263894e+01 7.411809e+00
         vertex -3.200304e+01 5.267987e+01 7.411809e+00
         vertex -3.516119e+01 5.164769e+01 5.000000e+00
      endloop
   endfacet
   facet normal 1.945164e-01 9.040391e-01 -3.806267e-01
      outer loop
         vertex -2.879385e+01 5.198936e+01 7.411809e+00
         vertex -2.911202e+01 5.104238e+01 5.000000e+00
         vertex -3.210250e+01 5.168583e+01 5.000000e+00
      endloop
   endfacet
   facet normal 1.945168e-01 9.040388e-01 -3.806272e-01
      outer loop
         vertex -3.200304e+01 5.267987e+01 7.411809e+00
         vertex -2.879385e+01 5.198936e+01 7.411809e+00
         vertex -3.210250e+01 5.168583e+01 5.000000e+00
      endloop
   endfacet
   facet normal 3.908073e-01 8.380885e-01 -3.806275e-01
      outer loop
         vertex -2.581877e+01 5.060207e+01 7.411809e+00
         vertex -2.633969e+01 4.974962e+01 5.000000e+00
         vertex -2.911202e+01 5.104238e+01 5.000000e+00
      endloop
   endfacet
   facet normal 3.908067e-01 8.380892e-01 -3.806266e-01
      outer loop
         vertex -2.879385e+01 5.198936e+01 7.411809e+00
         vertex -2.581877e+01 5.060207e+01 7.411809e+00
         vertex -2.911202e+01 5.104238e+01 5.000000e+00
      endloop
   endfacet
   facet normal 5.675012e-01 7.301131e-01 -3.806276e-01
      outer loop
         vertex -2.322699e+01 4.858753e+01 7.411809e+00
         vertex -2.392454e+01 4.787238e+01 5.000000e+00
         vertex -2.633969e+01 4.974962e+01 5.000000e+00
      endloop
   endfacet
   facet normal 5.675011e-01 7.301132e-01 -3.806274e-01
      outer loop
         vertex -2.581877e+01 5.060207e+01 7.411809e+00
         vertex -2.322699e+01 4.858753e+01 7.411809e+00
         vertex -2.633969e+01 4.974962e+01 5.000000e+00
      endloop
   endfacet
   facet normal 7.157381e-01 5.855272e-01 -3.806271e-01
      outer loop
         vertex -2.114847e+01 4.604678e+01 7.411809e+00
         vertex -2.198766e+01 4.550477e+01 5.000000e+00
         vertex -2.392454e+01 4.787238e+01 5.000000e+00
      endloop
   endfacet
   facet normal 7.157381e-01 5.855268e-01 -3.806275e-01
      outer loop
         vertex -2.322699e+01 4.858753e+01 7.411809e+00
         vertex -2.114847e+01 4.604678e+01 7.411809e+00
         vertex -2.392454e+01 4.787238e+01 5.000000e+00
      endloop
   endfacet
   facet normal 1.176117e-01 5.845618e-02 -9.913377e-01
      outer loop
         vertex -2.708835e+01 4.221040e+01 3.407417e-01
         vertex -2.633206e+01 4.068877e+01 3.407417e-01
         vertex -2.876416e+01 3.980355e+01 -2.368476e-15
      endloop
   endfacet
   facet normal 3.445375e-01 1.712443e-01 -9.230218e-01
      outer loop
         vertex -2.708835e+01 4.221040e+01 3.407417e-01
         vertex -2.406570e+01 4.151365e+01 1.339746e+00
         vertex -2.633206e+01 4.068877e+01 3.407417e-01
      endloop
   endfacet
   facet normal 5.473032e-01 2.720238e-01 -7.914937e-01
      outer loop
         vertex -2.506237e+01 4.351892e+01 1.339746e+00
         vertex -2.211953e+01 4.222200e+01 2.928932e+00
         vertex -2.406570e+01 4.151365e+01 1.339746e+00
      endloop
   endfacet
   facet normal 7.120963e-01 3.539300e-01 -6.063435e-01
      outer loop
         vertex -2.332262e+01 4.464257e+01 2.928932e+00
         vertex -2.062619e+01 4.276553e+01 5.000000e+00
         vertex -2.211953e+01 4.222200e+01 2.928932e+00
      endloop
   endfacet
   facet normal 8.280853e-01 4.115794e-01 -3.806272e-01
      outer loop
         vertex -2.198766e+01 4.550477e+01 5.000000e+00
         vertex -1.968743e+01 4.310722e+01 7.411809e+00
         vertex -2.062619e+01 4.276553e+01 5.000000e+00
      endloop
   endfacet
   facet normal 8.879237e-01 4.413212e-01 -1.297197e-01
      outer loop
         vertex -2.086224e+01 4.623165e+01 1.000000e+01
         vertex -1.936724e+01 4.322375e+01 1.000000e+01
         vertex -1.968743e+01 4.310722e+01 7.411809e+00
      endloop
   endfacet
   facet normal 7.674583e-01 6.278382e-01 -1.297188e-01
      outer loop
         vertex -2.322699e+01 4.858753e+01 7.411809e+00
         vertex -2.298907e+01 4.883146e+01 1.000000e+01
         vertex -2.086224e+01 4.623165e+01 1.000000e+01
      endloop
   endfacet
   facet normal 6.085093e-01 7.828727e-01 -1.297180e-01
      outer loop
         vertex -2.581877e+01 5.060207e+01 7.411809e+00
         vertex -2.564110e+01 5.089281e+01 1.000000e+01
         vertex -2.298907e+01 4.883146e+01 1.000000e+01
      endloop
   endfacet
   facet normal 4.190478e-01 8.986500e-01 -1.297193e-01
      outer loop
         vertex -2.879385e+01 5.198936e+01 7.411809e+00
         vertex -2.868533e+01 5.231236e+01 1.000000e+01
         vertex -2.564110e+01 5.089281e+01 1.000000e+01
      endloop
   endfacet
   facet normal 2.085723e-01 9.693661e-01 -1.297185e-01
      outer loop
         vertex -3.200304e+01 5.267987e+01 7.411809e+00
         vertex -3.196911e+01 5.301891e+01 1.000000e+01
         vertex -2.868533e+01 5.231236e+01 1.000000e+01
      endloop
   endfacet
   facet normal -1.235998e-02 9.914736e-01 -1.297205e-01
      outer loop
         vertex -3.528542e+01 5.263894e+01 7.411809e+00
         vertex -3.532778e+01 5.297704e+01 1.000000e+01
         vertex -3.196911e+01 5.301891e+01 1.000000e+01
      endloop
   endfacet
   facet normal -2.326750e-01 9.638646e-01 -1.297202e-01
      outer loop
         vertex -3.847639e+01 5.186865e+01 7.411809e+00
         vertex -3.859293e+01 5.218884e+01 1.000000e+01
         vertex -3.532778e+01 5.297704e+01 1.000000e+01
      endloop
   endfacet
   facet normal -2.169947e-01 8.989088e-01 -3.806261e-01
      outer loop
         vertex -3.516119e+01 5.164769e+01 5.000000e+00
         vertex -3.813471e+01 5.092989e+01 5.000000e+00
         vertex -3.847639e+01 5.186865e+01 7.411809e+00
      endloop
   endfacet
   facet normal -1.866000e-01 7.729991e-01 -6.063439e-01
      outer loop
         vertex -3.496359e+01 5.007084e+01 2.928932e+00
         vertex -3.759118e+01 4.943655e+01 2.928932e+00
         vertex -3.813471e+01 5.092989e+01 5.000000e+00
      endloop
   endfacet
   facet normal -1.434177e-01 5.941120e-01 -7.914937e-01
      outer loop
         vertex -3.470607e+01 4.801585e+01 1.339746e+00
         vertex -3.688283e+01 4.749038e+01 1.339746e+00
         vertex -3.759118e+01 4.943655e+01 2.928932e+00
      endloop
   endfacet
   facet normal -9.028405e-02 3.740043e-01 -9.230220e-01
      outer loop
         vertex -3.440617e+01 4.562275e+01 3.407417e-01
         vertex -3.605794e+01 4.522402e+01 3.407417e-01
         vertex -3.688283e+01 4.749038e+01 1.339746e+00
      endloop
   endfacet
   facet normal -3.081952e-02 1.276707e-01 -9.913377e-01
      outer loop
         vertex -3.440617e+01 4.562275e+01 3.407417e-01
         vertex -3.517273e+01 4.279192e+01 -2.368476e-15
         vertex -3.605794e+01 4.522402e+01 3.407417e-01
      endloop
   endfacet
   facet normal -1.917796e-02 1.246007e-01 -9.920216e-01
      outer loop
         vertex -3.440617e+01 4.562275e+01 3.407417e-01
         vertex -3.324453e+01 4.308870e+01 -3.552714e-15
         vertex -3.517273e+01 4.279192e+01 -2.368476e-15
      endloop
   endfacet
   facet normal 3.022942e-02 1.235371e-01 -9.918794e-01
      outer loop
         vertex -3.104589e+01 4.528651e+01 3.407417e-01
         vertex -3.134954e+01 4.262499e+01 -3.552714e-15
         vertex -3.324453e+01 4.308870e+01 -3.552714e-15
      endloop
   endfacet
   facet normal 7.520384e-02 1.025652e-01 -9.918794e-01
      outer loop
         vertex -2.950588e+01 4.456839e+01 3.407417e-01
         vertex -2.977624e+01 4.147141e+01 -3.552714e-15
         vertex -3.134954e+01 4.262499e+01 -3.552714e-15
      endloop
   endfacet
   facet normal 1.077769e-01 6.540070e-02 -9.920216e-01
      outer loop
         vertex -2.708835e+01 4.221040e+01 3.407417e-01
         vertex -2.876416e+01 3.980355e+01 -2.368476e-15
         vertex -2.977624e+01 4.147141e+01 -3.552714e-15
      endloop
   endfacet
   facet normal -1.652188e-03 1.325213e-01 -9.911788e-01
      outer loop
         vertex -3.324453e+01 4.308870e+01 -3.552714e-15
         vertex -3.440617e+01 4.562275e+01 3.407417e-01
         vertex -3.270709e+01 4.564394e+01 3.407417e-01
      endloop
   endfacet
   facet normal 5.618070e-02 1.204797e-01 -9.911248e-01
      outer loop
         vertex -3.134954e+01 4.262499e+01 -3.552714e-15
         vertex -3.104589e+01 4.528651e+01 3.407417e-01
         vertex -2.950588e+01 4.456839e+01 3.407417e-01
      endloop
   endfacet
   facet normal 1.025793e-01 8.391731e-02 -9.911788e-01
      outer loop
         vertex -2.977624e+01 4.147141e+01 -3.552714e-15
         vertex -2.816427e+01 4.352559e+01 3.407417e-01
         vertex -2.708835e+01 4.221040e+01 3.407417e-01
      endloop
   endfacet
   facet normal -9.028406e-02 3.740043e-01 -9.230220e-01
      outer loop
         vertex -3.688283e+01 4.749038e+01 1.339746e+00
         vertex -3.470607e+01 4.801585e+01 1.339746e+00
         vertex -3.440617e+01 4.562275e+01 3.407417e-01
      endloop
   endfacet
   facet normal 3.445374e-01 1.712439e-01 -9.230219e-01
      outer loop
         vertex -2.406570e+01 4.151365e+01 1.339746e+00
         vertex -2.708835e+01 4.221040e+01 3.407417e-01
         vertex -2.506237e+01 4.351892e+01 1.339746e+00
      endloop
   endfacet
   facet normal -1.434173e-01 5.941126e-01 -7.914933e-01
      outer loop
         vertex -3.759118e+01 4.943655e+01 2.928932e+00
         vertex -3.496359e+01 5.007084e+01 2.928932e+00
         vertex -3.470607e+01 4.801585e+01 1.339746e+00
      endloop
   endfacet
   facet normal 5.473032e-01 2.720236e-01 -7.914938e-01
      outer loop
         vertex -2.211953e+01 4.222200e+01 2.928932e+00
         vertex -2.506237e+01 4.351892e+01 1.339746e+00
         vertex -2.332262e+01 4.464257e+01 2.928932e+00
      endloop
   endfacet
   facet normal -1.866003e-01 7.729988e-01 -6.063442e-01
      outer loop
         vertex -3.813471e+01 5.092989e+01 5.000000e+00
         vertex -3.516119e+01 5.164769e+01 5.000000e+00
         vertex -3.496359e+01 5.007084e+01 2.928932e+00
      endloop
   endfacet
   facet normal 7.120963e-01 3.539300e-01 -6.063435e-01
      outer loop
         vertex -2.062619e+01 4.276553e+01 5.000000e+00
         vertex -2.332262e+01 4.464257e+01 2.928932e+00
         vertex -2.198766e+01 4.550477e+01 5.000000e+00
      endloop
   endfacet
   facet normal -2.169948e-01 8.989087e-01 -3.806262e-01
      outer loop
         vertex -3.847639e+01 5.186865e+01 7.411809e+00
         vertex -3.528542e+01 5.263894e+01 7.411809e+00
         vertex -3.516119e+01 5.164769e+01 5.000000e+00
      endloop
   endfacet
   facet normal 8.280853e-01 4.115796e-01 -3.806270e-01
      outer loop
         vertex -1.968743e+01 4.310722e+01 7.411809e+00
         vertex -2.198766e+01 4.550477e+01 5.000000e+00
         vertex -2.114847e+01 4.604678e+01 7.411809e+00
      endloop
   endfacet
   facet normal -1.236150e-02 9.914738e-01 -1.297185e-01
      outer loop
         vertex -3.196911e+01 5.301891e+01 1.000000e+01
         vertex -3.200304e+01 5.267987e+01 7.411809e+00
         vertex -3.528542e+01 5.263894e+01 7.411809e+00
      endloop
   endfacet
   facet normal 2.085729e-01 9.693659e-01 -1.297192e-01
      outer loop
         vertex -2.868533e+01 5.231236e+01 1.000000e+01
         vertex -2.879385e+01 5.198936e+01 7.411809e+00
         vertex -3.200304e+01 5.267987e+01 7.411809e+00
      endloop
   endfacet
   facet normal 4.190469e-01 8.986506e-01 -1.297180e-01
      outer loop
         vertex -2.564110e+01 5.089281e+01 1.000000e+01
         vertex -2.581877e+01 5.060207e+01 7.411809e+00
         vertex -2.879385e+01 5.198936e+01 7.411809e+00
      endloop
   endfacet
   facet normal 6.085096e-01 7.828723e-01 -1.297187e-01
      outer loop
         vertex -2.298907e+01 4.883146e+01 1.000000e+01
         vertex -2.322699e+01 4.858753e+01 7.411809e+00
         vertex -2.581877e+01 5.060207e+01 7.411809e+00
      endloop
   endfacet
   facet normal 7.674585e-01 6.278379e-01 -1.297193e-01
      outer loop
         vertex -2.086224e+01 4.623165e+01 1.000000e+01
         vertex -2.114847e+01 4.604678e+01 7.411809e+00
         vertex -2.322699e+01 4.858753e+01 7.411809e+00
      endloop
   endfacet
   facet normal 8.879238e-01 4.413209e-01 -1.297193e-01
      outer loop
         vertex -2.114847e+01 4.604678e+01 7.411809e+00
         vertex -2.086224e+01 4.623165e+01 1.000000e+01
         vertex -1.968743e+01 4.310722e+01 7.411809e+00
      endloop
   endfacet
   facet normal -2.326750e-01 9.638646e-01 -1.297202e-01
      outer loop
         vertex -3.847639e+01 5.186865e+01 7.411809e+00
         vertex -3.532778e+01 5.297704e+01 1.000000e+01
         vertex -3.528542e+01 5.263894e+01 7.411809e+00
      endloop
   endfacet
   facet normal 2.721909e-02 1.265041e-01 -9.915926e-01
      outer loop
         vertex -3.270709e+01 4.564394e+01 3.407417e-01
         vertex -3.104589e+01 4.528651e+01 3.407417e-01
         vertex -3.324453e+01 4.308870e+01 -3.552714e-15
      endloop
   endfacet
   facet normal 7.941143e-02 1.021663e-01 -9.915926e-01
      outer loop
         vertex -2.816427e+01 4.352559e+01 3.407417e-01
         vertex -2.977624e+01 4.147141e+01 -3.552714e-15
         vertex -2.950588e+01 4.456839e+01 3.407417e-01
      endloop
   endfacet
   facet normal 9.316534e-01 3.390939e-01 -1.305266e-01
      outer loop
         vertex -1.968743e+01 4.310722e+01 7.411809e+00
         vertex -1.936724e+01 4.322375e+01 1.000000e+01
         vertex -1.813574e+01 3.984023e+01 1.000000e+01
      endloop
   endfacet
   facet normal 9.328158e-01 3.319382e-01 -1.402560e-01
      outer loop
         vertex -1.813574e+01 3.984023e+01 1.000000e+01
         vertex -1.841398e+01 3.944286e+01 7.209039e+00
         vertex -1.968743e+01 4.310722e+01 7.411809e+00
      endloop
   endfacet
   facet normal 8.612626e-01 3.014386e-01 -4.090984e-01
      outer loop
         vertex -1.841398e+01 3.944286e+01 7.209039e+00
         vertex -1.923018e+01 3.827720e+01 4.631797e+00
         vertex -2.062619e+01 4.276553e+01 5.000000e+00
      endloop
   endfacet
   facet normal 7.210200e-01 2.489699e-01 -6.466407e-01
      outer loop
         vertex -1.923018e+01 3.827720e+01 4.631797e+00
         vertex -2.052366e+01 3.642992e+01 2.478296e+00
         vertex -2.211953e+01 4.222200e+01 2.928932e+00
      endloop
   endfacet
   facet normal 5.222259e-01 1.770211e-01 -8.342324e-01
      outer loop
         vertex -2.052366e+01 3.642992e+01 2.478296e+00
         vertex -2.219316e+01 3.404562e+01 9.272565e-01
         vertex -2.406570e+01 4.151365e+01 1.339746e+00
      endloop
   endfacet
   facet normal 2.801456e-01 9.016104e-02 -9.557141e-01
      outer loop
         vertex -2.219316e+01 3.404562e+01 9.272565e-01
         vertex -2.410446e+01 3.131601e+01 1.094959e-01
         vertex -2.633206e+01 4.068877e+01 3.407417e-01
      endloop
   endfacet
   facet normal 6.952966e-02 2.530673e-02 -9.972588e-01
      outer loop
         vertex -2.410446e+01 3.131601e+01 1.094959e-01
         vertex -2.513781e+01 2.984023e+01 0.000000e+00
         vertex -2.876416e+01 3.980355e+01 -2.368476e-15
      endloop
   endfacet
   facet normal 1.196452e-01 5.289590e-02 -9.914066e-01
      outer loop
         vertex -2.876416e+01 3.980355e+01 -2.368476e-15
         vertex -2.633206e+01 4.068877e+01 3.407417e-01
         vertex -2.410446e+01 3.131601e+01 1.094959e-01
      endloop
   endfacet
   facet normal 3.561477e-01 1.403276e-01 -9.238328e-01
      outer loop
         vertex -2.633206e+01 4.068877e+01 3.407417e-01
         vertex -2.406570e+01 4.151365e+01 1.339746e+00
         vertex -2.219316e+01 3.404562e+01 9.272565e-01
      endloop
   endfacet
   facet normal 5.683338e-01 2.183119e-01 -7.933074e-01
      outer loop
         vertex -2.406570e+01 4.151365e+01 1.339746e+00
         vertex -2.211953e+01 4.222200e+01 2.928932e+00
         vertex -2.052366e+01 3.642992e+01 2.478296e+00
      endloop
   endfacet
   facet normal 7.420474e-01 2.807361e-01 -6.087306e-01
      outer loop
         vertex -2.211953e+01 4.222200e+01 2.928932e+00
         vertex -2.062619e+01 4.276553e+01 5.000000e+00
         vertex -1.923018e+01 3.827720e+01 4.631797e+00
      endloop
   endfacet
   facet normal 8.659151e-01 3.221030e-01 -3.826757e-01
      outer loop
         vertex -2.062619e+01 4.276553e+01 5.000000e+00
         vertex -1.968743e+01 4.310722e+01 7.411809e+00
         vertex -1.841398e+01 3.944286e+01 7.209039e+00
      endloop
   endfacet
   facet normal 0.000000e+00 9.900159e-01 -1.409557e-01
      outer loop
         vertex -1.813574e+01 3.984023e+01 1.000000e+01
         vertex 1.813574e+01 3.984023e+01 1.000000e+01
         vertex 1.841398e+01 3.944286e+01 7.209039e+00
      endloop
   endfacet
   facet normal 0.000000e+00 9.111385e-01 -4.121002e-01
      outer loop
         vertex 1.841398e+01 3.944286e+01 7.209039e+00
         vertex 1.923018e+01 3.827720e+01 4.631797e+00
         vertex -1.923018e+01 3.827720e+01 4.631797e+00
      endloop
   endfacet
   facet normal 0.000000e+00 7.590092e-01 -6.510799e-01
      outer loop
         vertex 1.923018e+01 3.827720e+01 4.631797e+00
         vertex 2.052366e+01 3.642992e+01 2.478296e+00
         vertex -2.052366e+01 3.642992e+01 2.478296e+00
      endloop
   endfacet
   facet normal 0.000000e+00 5.452964e-01 -8.382433e-01
      outer loop
         vertex 2.052366e+01 3.642992e+01 2.478296e+00
         vertex 2.219316e+01 3.404562e+01 9.272565e-01
         vertex -2.219316e+01 3.404562e+01 9.272565e-01
      endloop
   endfacet
   facet normal 0.000000e+00 2.869864e-01 -9.579346e-01
      outer loop
         vertex 2.219316e+01 3.404562e+01 9.272565e-01
         vertex 2.410446e+01 3.131601e+01 1.094959e-01
         vertex -2.410446e+01 3.131601e+01 1.094959e-01
      endloop
   endfacet
   facet normal 1.174517e-17 7.399188e-02 -9.972588e-01
      outer loop
         vertex 2.410446e+01 3.131601e+01 1.094959e-01
         vertex 2.513781e+01 2.984023e+01 5.921190e-16
         vertex -2.513781e+01 2.984023e+01 0.000000e+00
      endloop
   endfacet
   facet normal 0.000000e+00 7.399188e-02 -9.972588e-01
      outer loop
         vertex -2.513781e+01 2.984023e+01 0.000000e+00
         vertex -2.410446e+01 3.131601e+01 1.094959e-01
         vertex 2.410446e+01 3.131601e+01 1.094959e-01
      endloop
   endfacet
   facet normal 0.000000e+00 2.869864e-01 -9.579346e-01
      outer loop
         vertex -2.410446e+01 3.131601e+01 1.094959e-01
         vertex -2.219316e+01 3.404562e+01 9.272565e-01
         vertex 2.219316e+01 3.404562e+01 9.272565e-01
      endloop
   endfacet
   facet normal 0.000000e+00 5.452964e-01 -8.382433e-01
      outer loop
         vertex -2.219316e+01 3.404562e+01 9.272565e-01
         vertex -2.052366e+01 3.642992e+01 2.478296e+00
         vertex 2.052366e+01 3.642992e+01 2.478296e+00
      endloop
   endfacet
   facet normal 0.000000e+00 7.590092e-01 -6.510799e-01
      outer loop
         vertex -2.052366e+01 3.642992e+01 2.478296e+00
         vertex -1.923018e+01 3.827720e+01 4.631797e+00
         vertex 1.923018e+01 3.827720e+01 4.631797e+00
      endloop
   endfacet
   facet normal 0.000000e+00 9.111385e-01 -4.121002e-01
      outer loop
         vertex -1.923018e+01 3.827720e+01 4.631797e+00
         vertex -1.841398e+01 3.944286e+01 7.209039e+00
         vertex 1.841398e+01 3.944286e+01 7.209039e+00
      endloop
   endfacet
   facet normal 0.000000e+00 9.900159e-01 -1.409557e-01
      outer loop
         vertex -1.841398e+01 3.944286e+01 7.209039e+00
         vertex -1.813574e+01 3.984023e+01 1.000000e+01
         vertex 1.841398e+01 3.944286e+01 7.209039e+00
      endloop
   endfacet
   facet normal -9.328158e-01 3.319382e-01 -1.402560e-01
      outer loop
         vertex 1.841398e+01 3.944286e+01 7.209039e+00
         vertex 1.813574e+01 3.984023e+01 1.000000e+01
         vertex 1.968743e+01 4.310722e+01 7.411809e+00
      endloop
   endfacet
   facet normal -9.316534e-01 3.390939e-01 -1.305266e-01
      outer loop
         vertex 1.813574e+01 3.984023e+01 1.000000e+01
         vertex 1.936724e+01 4.322375e+01 1.000000e+01
         vertex 1.968743e+01 4.310722e+01 7.411809e+00
      endloop
   endfacet
   facet normal -8.659151e-01 3.221030e-01 -3.826757e-01
      outer loop
         vertex 1.968743e+01 4.310722e+01 7.411809e+00
         vertex 2.062619e+01 4.276553e+01 5.000000e+00
         vertex 1.841398e+01 3.944286e+01 7.209039e+00
      endloop
   endfacet
   facet normal -7.420474e-01 2.807361e-01 -6.087306e-01
      outer loop
         vertex 2.062619e+01 4.276553e+01 5.000000e+00
         vertex 2.211953e+01 4.222200e+01 2.928932e+00
         vertex 1.923018e+01 3.827720e+01 4.631797e+00
      endloop
   endfacet
   facet normal -5.683338e-01 2.183119e-01 -7.933074e-01
      outer loop
         vertex 2.211953e+01 4.222200e+01 2.928932e+00
         vertex 2.406570e+01 4.151365e+01 1.339746e+00
         vertex 2.052366e+01 3.642992e+01 2.478296e+00
      endloop
   endfacet
   facet normal -3.561477e-01 1.403276e-01 -9.238328e-01
      outer loop
         vertex 2.406570e+01 4.151365e+01 1.339746e+00
         vertex 2.633206e+01 4.068877e+01 3.407417e-01
         vertex 2.219316e+01 3.404562e+01 9.272565e-01
      endloop
   endfacet
   facet normal -1.196452e-01 5.289590e-02 -9.914066e-01
      outer loop
         vertex 2.633206e+01 4.068877e+01 3.407417e-01
         vertex 2.876416e+01 3.980355e+01 -4.144832e-15
         vertex 2.410446e+01 3.131601e+01 1.094959e-01
      endloop
   endfacet
   facet normal -6.952966e-02 2.530673e-02 -9.972588e-01
      outer loop
         vertex 2.876416e+01 3.980355e+01 -4.144832e-15
         vertex 2.513781e+01 2.984023e+01 5.921190e-16
         vertex 2.410446e+01 3.131601e+01 1.094959e-01
      endloop
   endfacet
   facet normal -2.801456e-01 9.016104e-02 -9.557141e-01
      outer loop
         vertex 2.410446e+01 3.131601e+01 1.094959e-01
         vertex 2.219316e+01 3.404562e+01 9.272565e-01
         vertex 2.633206e+01 4.068877e+01 3.407417e-01
      endloop
   endfacet
   facet normal -5.222259e-01 1.770211e-01 -8.342324e-01
      outer loop
         vertex 2.219316e+01 3.404562e+01 9.272565e-01
         vertex 2.052366e+01 3.642992e+01 2.478296e+00
         vertex 2.406570e+01 4.151365e+01 1.339746e+00
      endloop
   endfacet
   facet normal -7.210200e-01 2.489699e-01 -6.466407e-01
      outer loop
         vertex 2.052366e+01 3.642992e+01 2.478296e+00
         vertex 1.923018e+01 3.827720e+01 4.631797e+00
         vertex 2.211953e+01 4.222200e+01 2.928932e+00
      endloop
   endfacet
   facet normal -8.612626e-01 3.014386e-01 -4.090984e-01
      outer loop
         vertex 1.923018e+01 3.827720e+01 4.631797e+00
         vertex 1.841398e+01 3.944286e+01 7.209039e+00
         vertex 2.062619e+01 4.276553e+01 5.000000e+00
      endloop
   endfacet
   facet normal -2.977938e-01 2.436170e-01 -9.230220e-01
      outer loop
         vertex 2.506237e+01 4.351892e+01 1.339746e+00
         vertex 2.816427e+01 4.352559e+01 3.407417e-01
         vertex 2.708835e+01 4.221040e+01 3.407417e-01
      endloop
   endfacet
   facet normal -2.977938e-01 2.436176e-01 -9.230219e-01
      outer loop
         vertex 2.648026e+01 4.525212e+01 1.339746e+00
         vertex 2.816427e+01 4.352559e+01 3.407417e-01
         vertex 2.506237e+01 4.351892e+01 1.339746e+00
      endloop
   endfacet
   facet normal -2.361170e-01 3.037749e-01 -9.230220e-01
      outer loop
         vertex 2.824828e+01 4.662636e+01 1.339746e+00
         vertex 2.950588e+01 4.456839e+01 3.407417e-01
         vertex 2.816427e+01 4.352559e+01 3.407417e-01
      endloop
   endfacet
   facet normal -2.361176e-01 3.037749e-01 -9.230218e-01
      outer loop
         vertex 2.648026e+01 4.525212e+01 1.339746e+00
         vertex 2.824828e+01 4.662636e+01 1.339746e+00
         vertex 2.816427e+01 4.352559e+01 3.407417e-01
      endloop
   endfacet
   facet normal -1.626014e-01 3.486994e-01 -9.230219e-01
      outer loop
         vertex 2.824828e+01 4.662636e+01 1.339746e+00
         vertex 3.104589e+01 4.528651e+01 3.407417e-01
         vertex 2.950588e+01 4.456839e+01 3.407417e-01
      endloop
   endfacet
   facet normal -1.626014e-01 3.486995e-01 -9.230219e-01
      outer loop
         vertex 3.027776e+01 4.757273e+01 1.339746e+00
         vertex 3.104589e+01 4.528651e+01 3.407417e-01
         vertex 2.824828e+01 4.662636e+01 1.339746e+00
      endloop
   endfacet
   facet normal -8.093150e-02 3.761391e-01 -9.230219e-01
      outer loop
         vertex 3.027776e+01 4.757273e+01 1.339746e+00
         vertex 3.270709e+01 4.564394e+01 3.407417e-01
         vertex 3.104589e+01 4.528651e+01 3.407417e-01
      endloop
   endfacet
   facet normal -8.093166e-02 3.761389e-01 -9.230220e-01
      outer loop
         vertex 3.246695e+01 4.804376e+01 1.339746e+00
         vertex 3.270709e+01 4.564394e+01 3.407417e-01
         vertex 3.027776e+01 4.757273e+01 1.339746e+00
      endloop
   endfacet
   facet normal 4.796399e-03 3.847173e-01 -9.230220e-01
      outer loop
         vertex 3.246695e+01 4.804376e+01 1.339746e+00
         vertex 3.440617e+01 4.562275e+01 3.407417e-01
         vertex 3.270709e+01 4.564394e+01 3.407417e-01
      endloop
   endfacet
   facet normal 4.796424e-03 3.847174e-01 -9.230220e-01
      outer loop
         vertex 3.470607e+01 4.801585e+01 1.339746e+00
         vertex 3.440617e+01 4.562275e+01 3.407417e-01
         vertex 3.246695e+01 4.804376e+01 1.339746e+00
      endloop
   endfacet
   facet normal -4.730499e-01 3.869902e-01 -7.914937e-01
      outer loop
         vertex 2.503416e+01 4.673473e+01 2.928932e+00
         vertex 2.648026e+01 4.525212e+01 1.339746e+00
         vertex 2.506237e+01 4.351892e+01 1.339746e+00
      endloop
   endfacet
   facet normal -4.730499e-01 3.869902e-01 -7.914937e-01
      outer loop
         vertex 2.332262e+01 4.464257e+01 2.928932e+00
         vertex 2.503416e+01 4.673473e+01 2.928932e+00
         vertex 2.506237e+01 4.351892e+01 1.339746e+00
      endloop
   endfacet
   facet normal -3.750764e-01 4.825510e-01 -7.914936e-01
      outer loop
         vertex 2.716835e+01 4.839359e+01 2.928932e+00
         vertex 2.824828e+01 4.662636e+01 1.339746e+00
         vertex 2.648026e+01 4.525212e+01 1.339746e+00
      endloop
   endfacet
   facet normal -3.750763e-01 4.825510e-01 -7.914937e-01
      outer loop
         vertex 2.503416e+01 4.673473e+01 2.928932e+00
         vertex 2.716835e+01 4.839359e+01 2.928932e+00
         vertex 2.648026e+01 4.525212e+01 1.339746e+00
      endloop
   endfacet
   facet normal -2.582949e-01 5.539148e-01 -7.914937e-01
      outer loop
         vertex 2.716835e+01 4.839359e+01 2.928932e+00
         vertex 3.027776e+01 4.757273e+01 1.339746e+00
         vertex 2.824828e+01 4.662636e+01 1.339746e+00
      endloop
   endfacet
   facet normal -2.582950e-01 5.539145e-01 -7.914938e-01
      outer loop
         vertex 2.961815e+01 4.953595e+01 2.928932e+00
         vertex 3.027776e+01 4.757273e+01 1.339746e+00
         vertex 2.716835e+01 4.839359e+01 2.928932e+00
      endloop
   endfacet
   facet normal -1.285613e-01 5.975031e-01 -7.914936e-01
      outer loop
         vertex 3.226074e+01 5.010454e+01 2.928932e+00
         vertex 3.246695e+01 4.804376e+01 1.339746e+00
         vertex 3.027776e+01 4.757273e+01 1.339746e+00
      endloop
   endfacet
   facet normal -1.285609e-01 5.975029e-01 -7.914938e-01
      outer loop
         vertex 2.961815e+01 4.953595e+01 2.928932e+00
         vertex 3.226074e+01 5.010454e+01 2.928932e+00
         vertex 3.027776e+01 4.757273e+01 1.339746e+00
      endloop
   endfacet
   facet normal 7.619203e-03 6.111303e-01 -7.914934e-01
      outer loop
         vertex 3.496359e+01 5.007084e+01 2.928932e+00
         vertex 3.470607e+01 4.801585e+01 1.339746e+00
         vertex 3.246695e+01 4.804376e+01 1.339746e+00
      endloop
   endfacet
   facet normal 7.619546e-03 6.111300e-01 -7.914936e-01
      outer loop
         vertex 3.226074e+01 5.010454e+01 2.928932e+00
         vertex 3.496359e+01 5.007084e+01 2.928932e+00
         vertex 3.246695e+01 4.804376e+01 1.339746e+00
      endloop
   endfacet
   facet normal -6.154853e-01 5.035131e-01 -6.063435e-01
      outer loop
         vertex 2.392454e+01 4.787238e+01 5.000000e+00
         vertex 2.503416e+01 4.673473e+01 2.928932e+00
         vertex 2.332262e+01 4.464257e+01 2.928932e+00
      endloop
   endfacet
   facet normal -6.154854e-01 5.035130e-01 -6.063434e-01
      outer loop
         vertex 2.198766e+01 4.550477e+01 5.000000e+00
         vertex 2.392454e+01 4.787238e+01 5.000000e+00
         vertex 2.332262e+01 4.464257e+01 2.928932e+00
      endloop
   endfacet
   facet normal -4.880116e-01 6.278470e-01 -6.063438e-01
      outer loop
         vertex 2.633969e+01 4.974962e+01 5.000000e+00
         vertex 2.716835e+01 4.839359e+01 2.928932e+00
         vertex 2.503416e+01 4.673473e+01 2.928932e+00
      endloop
   endfacet
   facet normal -4.880120e-01 6.278470e-01 -6.063435e-01
      outer loop
         vertex 2.392454e+01 4.787238e+01 5.000000e+00
         vertex 2.633969e+01 4.974962e+01 5.000000e+00
         vertex 2.503416e+01 4.673473e+01 2.928932e+00
      endloop
   endfacet
   facet normal -3.360678e-01 7.206984e-01 -6.063433e-01
      outer loop
         vertex 2.911202e+01 5.104238e+01 5.000000e+00
         vertex 2.961815e+01 4.953595e+01 2.928932e+00
         vertex 2.716835e+01 4.839359e+01 2.928932e+00
      endloop
   endfacet
   facet normal -3.360673e-01 7.206983e-01 -6.063437e-01
      outer loop
         vertex 2.633969e+01 4.974962e+01 5.000000e+00
         vertex 2.911202e+01 5.104238e+01 5.000000e+00
         vertex 2.716835e+01 4.839359e+01 2.928932e+00
      endloop
   endfacet
   facet normal -1.672706e-01 7.774112e-01 -6.063434e-01
      outer loop
         vertex 3.210250e+01 5.168583e+01 5.000000e+00
         vertex 3.226074e+01 5.010454e+01 2.928932e+00
         vertex 2.961815e+01 4.953595e+01 2.928932e+00
      endloop
   endfacet
   facet normal -1.672707e-01 7.774112e-01 -6.063434e-01
      outer loop
         vertex 2.911202e+01 5.104238e+01 5.000000e+00
         vertex 3.210250e+01 5.168583e+01 5.000000e+00
         vertex 2.961815e+01 4.953595e+01 2.928932e+00
      endloop
   endfacet
   facet normal 9.913781e-03 7.951405e-01 -6.063442e-01
      outer loop
         vertex 3.516119e+01 5.164769e+01 5.000000e+00
         vertex 3.496359e+01 5.007084e+01 2.928932e+00
         vertex 3.226074e+01 5.010454e+01 2.928932e+00
      endloop
   endfacet
   facet normal 9.912775e-03 7.951412e-01 -6.063433e-01
      outer loop
         vertex 3.210250e+01 5.168583e+01 5.000000e+00
         vertex 3.516119e+01 5.164769e+01 5.000000e+00
         vertex 3.226074e+01 5.010454e+01 2.928932e+00
      endloop
   endfacet
   facet normal -7.157381e-01 5.855272e-01 -3.806271e-01
      outer loop
         vertex 2.114847e+01 4.604678e+01 7.411809e+00
         vertex 2.392454e+01 4.787238e+01 5.000000e+00
         vertex 2.198766e+01 4.550477e+01 5.000000e+00
      endloop
   endfacet
   facet normal -7.157381e-01 5.855268e-01 -3.806275e-01
      outer loop
         vertex 2.322699e+01 4.858753e+01 7.411809e+00
         vertex 2.392454e+01 4.787238e+01 5.000000e+00
         vertex 2.114847e+01 4.604678e+01 7.411809e+00
      endloop
   endfacet
   facet normal -5.675012e-01 7.301131e-01 -3.806276e-01
      outer loop
         vertex 2.322699e+01 4.858753e+01 7.411809e+00
         vertex 2.633969e+01 4.974962e+01 5.000000e+00
         vertex 2.392454e+01 4.787238e+01 5.000000e+00
      endloop
   endfacet
   facet normal -5.675011e-01 7.301132e-01 -3.806274e-01
      outer loop
         vertex 2.581877e+01 5.060207e+01 7.411809e+00
         vertex 2.633969e+01 4.974962e+01 5.000000e+00
         vertex 2.322699e+01 4.858753e+01 7.411809e+00
      endloop
   endfacet
   facet normal -3.908073e-01 8.380885e-01 -3.806275e-01
      outer loop
         vertex 2.581877e+01 5.060207e+01 7.411809e+00
         vertex 2.911202e+01 5.104238e+01 5.000000e+00
         vertex 2.633969e+01 4.974962e+01 5.000000e+00
      endloop
   endfacet
   facet normal -3.908067e-01 8.380892e-01 -3.806266e-01
      outer loop
         vertex 2.879385e+01 5.198936e+01 7.411809e+00
         vertex 2.911202e+01 5.104238e+01 5.000000e+00
         vertex 2.581877e+01 5.060207e+01 7.411809e+00
      endloop
   endfacet
   facet normal -1.945164e-01 9.040391e-01 -3.806267e-01
      outer loop
         vertex 2.879385e+01 5.198936e+01 7.411809e+00
         vertex 3.210250e+01 5.168583e+01 5.000000e+00
         vertex 2.911202e+01 5.104238e+01 5.000000e+00
      endloop
   endfacet
   facet normal -1.945168e-01 9.040388e-01 -3.806272e-01
      outer loop
         vertex 3.200304e+01 5.267987e+01 7.411809e+00
         vertex 3.210250e+01 5.168583e+01 5.000000e+00
         vertex 2.879385e+01 5.198936e+01 7.411809e+00
      endloop
   endfacet
   facet normal 1.152740e-02 9.246567e-01 -3.806273e-01
      outer loop
         vertex 3.200304e+01 5.267987e+01 7.411809e+00
         vertex 3.516119e+01 5.164769e+01 5.000000e+00
         vertex 3.210250e+01 5.168583e+01 5.000000e+00
      endloop
   endfacet
   facet normal 1.152845e-02 9.246572e-01 -3.806261e-01
      outer loop
         vertex 3.528542e+01 5.263894e+01 7.411809e+00
         vertex 3.516119e+01 5.164769e+01 5.000000e+00
         vertex 3.200304e+01 5.267987e+01 7.411809e+00
      endloop
   endfacet
   facet normal 3.081952e-02 1.276707e-01 -9.913377e-01
      outer loop
         vertex 3.440617e+01 4.562275e+01 3.407417e-01
         vertex 3.605794e+01 4.522402e+01 3.407417e-01
         vertex 3.517273e+01 4.279192e+01 -4.736952e-15
      endloop
   endfacet
   facet normal 9.028405e-02 3.740043e-01 -9.230220e-01
      outer loop
         vertex 3.440617e+01 4.562275e+01 3.407417e-01
         vertex 3.688283e+01 4.749038e+01 1.339746e+00
         vertex 3.605794e+01 4.522402e+01 3.407417e-01
      endloop
   endfacet
   facet normal 1.434177e-01 5.941120e-01 -7.914937e-01
      outer loop
         vertex 3.470607e+01 4.801585e+01 1.339746e+00
         vertex 3.759118e+01 4.943655e+01 2.928932e+00
         vertex 3.688283e+01 4.749038e+01 1.339746e+00
      endloop
   endfacet
   facet normal 1.866000e-01 7.729991e-01 -6.063439e-01
      outer loop
         vertex 3.496359e+01 5.007084e+01 2.928932e+00
         vertex 3.813471e+01 5.092989e+01 5.000000e+00
         vertex 3.759118e+01 4.943655e+01 2.928932e+00
      endloop
   endfacet
   facet normal 2.169947e-01 8.989088e-01 -3.806261e-01
      outer loop
         vertex 3.516119e+01 5.164769e+01 5.000000e+00
         vertex 3.847639e+01 5.186865e+01 7.411809e+00
         vertex 3.813471e+01 5.092989e+01 5.000000e+00
      endloop
   endfacet
   facet normal 2.326750e-01 9.638646e-01 -1.297202e-01
      outer loop
         vertex 3.532778e+01 5.297704e+01 1.000000e+01
         vertex 3.859293e+01 5.218884e+01 1.000000e+01
         vertex 3.847639e+01 5.186865e+01 7.411809e+00
      endloop
   endfacet
   facet normal 1.235998e-02 9.914738e-01 -1.297186e-01
      outer loop
         vertex 3.200304e+01 5.267987e+01 7.411809e+00
         vertex 3.196911e+01 5.301891e+01 1.000000e+01
         vertex 3.532778e+01 5.297704e+01 1.000000e+01
      endloop
   endfacet
   facet normal -2.085723e-01 9.693660e-01 -1.297192e-01
      outer loop
         vertex 2.879385e+01 5.198936e+01 7.411809e+00
         vertex 2.868533e+01 5.231236e+01 1.000000e+01
         vertex 3.196911e+01 5.301891e+01 1.000000e+01
      endloop
   endfacet
   facet normal -4.190479e-01 8.986502e-01 -1.297180e-01
      outer loop
         vertex 2.581877e+01 5.060207e+01 7.411809e+00
         vertex 2.564110e+01 5.089281e+01 1.000000e+01
         vertex 2.868533e+01 5.231236e+01 1.000000e+01
      endloop
   endfacet
   facet normal -6.085092e-01 7.828726e-01 -1.297187e-01
      outer loop
         vertex 2.322699e+01 4.858753e+01 7.411809e+00
         vertex 2.298907e+01 4.883146e+01 1.000000e+01
         vertex 2.564110e+01 5.089281e+01 1.000000e+01
      endloop
   endfacet
   facet normal -7.674583e-01 6.278381e-01 -1.297193e-01
      outer loop
         vertex 2.114847e+01 4.604678e+01 7.411809e+00
         vertex 2.086224e+01 4.623165e+01 1.000000e+01
         vertex 2.298907e+01 4.883146e+01 1.000000e+01
      endloop
   endfacet
   facet normal -8.879237e-01 4.413212e-01 -1.297197e-01
      outer loop
         vertex 1.968743e+01 4.310722e+01 7.411809e+00
         vertex 1.936724e+01 4.322375e+01 1.000000e+01
         vertex 2.086224e+01 4.623165e+01 1.000000e+01
      endloop
   endfacet
   facet normal -8.280853e-01 4.115794e-01 -3.806272e-01
      outer loop
         vertex 2.198766e+01 4.550477e+01 5.000000e+00
         vertex 2.062619e+01 4.276553e+01 5.000000e+00
         vertex 1.968743e+01 4.310722e+01 7.411809e+00
      endloop
   endfacet
   facet normal -7.120963e-01 3.539300e-01 -6.063435e-01
      outer loop
         vertex 2.332262e+01 4.464257e+01 2.928932e+00
         vertex 2.211953e+01 4.222200e+01 2.928932e+00
         vertex 2.062619e+01 4.276553e+01 5.000000e+00
      endloop
   endfacet
   facet normal -5.473032e-01 2.720238e-01 -7.914937e-01
      outer loop
         vertex 2.506237e+01 4.351892e+01 1.339746e+00
         vertex 2.406570e+01 4.151365e+01 1.339746e+00
         vertex 2.211953e+01 4.222200e+01 2.928932e+00
      endloop
   endfacet
   facet normal -3.445375e-01 1.712443e-01 -9.230218e-01
      outer loop
         vertex 2.708835e+01 4.221040e+01 3.407417e-01
         vertex 2.633206e+01 4.068877e+01 3.407417e-01
         vertex 2.406570e+01 4.151365e+01 1.339746e+00
      endloop
   endfacet
   facet normal -1.176117e-01 5.845618e-02 -9.913377e-01
      outer loop
         vertex 2.708835e+01 4.221040e+01 3.407417e-01
         vertex 2.876416e+01 3.980355e+01 -4.144832e-15
         vertex 2.633206e+01 4.068877e+01 3.407417e-01
      endloop
   endfacet
   facet normal -1.077769e-01 6.540070e-02 -9.920216e-01
      outer loop
         vertex 2.708835e+01 4.221040e+01 3.407417e-01
         vertex 2.977624e+01 4.147141e+01 -7.105427e-15
         vertex 2.876416e+01 3.980355e+01 -4.144832e-15
      endloop
   endfacet
   facet normal -7.520384e-02 1.025652e-01 -9.918794e-01
      outer loop
         vertex 2.950588e+01 4.456839e+01 3.407417e-01
         vertex 3.134954e+01 4.262499e+01 -7.105427e-15
         vertex 2.977624e+01 4.147141e+01 -7.105427e-15
      endloop
   endfacet
   facet normal -3.022942e-02 1.235371e-01 -9.918794e-01
      outer loop
         vertex 3.104589e+01 4.528651e+01 3.407417e-01
         vertex 3.324453e+01 4.308870e+01 -7.105427e-15
         vertex 3.134954e+01 4.262499e+01 -7.105427e-15
      endloop
   endfacet
   facet normal 1.917796e-02 1.246007e-01 -9.920216e-01
      outer loop
         vertex 3.440617e+01 4.562275e+01 3.407417e-01
         vertex 3.517273e+01 4.279192e+01 -4.736952e-15
         vertex 3.324453e+01 4.308870e+01 -7.105427e-15
      endloop
   endfacet
   facet normal -1.025793e-01 8.391731e-02 -9.911788e-01
      outer loop
         vertex 2.977624e+01 4.147141e+01 -7.105427e-15
         vertex 2.708835e+01 4.221040e+01 3.407417e-01
         vertex 2.816427e+01 4.352559e+01 3.407417e-01
      endloop
   endfacet
   facet normal -5.618070e-02 1.204797e-01 -9.911248e-01
      outer loop
         vertex 3.134954e+01 4.262499e+01 -7.105427e-15
         vertex 2.950588e+01 4.456839e+01 3.407417e-01
         vertex 3.104589e+01 4.528651e+01 3.407417e-01
      endloop
   endfacet
   facet normal 1.652188e-03 1.325213e-01 -9.911788e-01
      outer loop
         vertex 3.324453e+01 4.308870e+01 -7.105427e-15
         vertex 3.270709e+01 4.564394e+01 3.407417e-01
         vertex 3.440617e+01 4.562275e+01 3.407417e-01
      endloop
   endfacet
   facet normal -3.445374e-01 1.712439e-01 -9.230219e-01
      outer loop
         vertex 2.406570e+01 4.151365e+01 1.339746e+00
         vertex 2.506237e+01 4.351892e+01 1.339746e+00
         vertex 2.708835e+01 4.221040e+01 3.407417e-01
      endloop
   endfacet
   facet normal 9.028406e-02 3.740043e-01 -9.230220e-01
      outer loop
         vertex 3.688283e+01 4.749038e+01 1.339746e+00
         vertex 3.440617e+01 4.562275e+01 3.407417e-01
         vertex 3.470607e+01 4.801585e+01 1.339746e+00
      endloop
   endfacet
   facet normal -5.473032e-01 2.720236e-01 -7.914938e-01
      outer loop
         vertex 2.211953e+01 4.222200e+01 2.928932e+00
         vertex 2.332262e+01 4.464257e+01 2.928932e+00
         vertex 2.506237e+01 4.351892e+01 1.339746e+00
      endloop
   endfacet
   facet normal 1.434173e-01 5.941126e-01 -7.914933e-01
      outer loop
         vertex 3.759118e+01 4.943655e+01 2.928932e+00
         vertex 3.470607e+01 4.801585e+01 1.339746e+00
         vertex 3.496359e+01 5.007084e+01 2.928932e+00
      endloop
   endfacet
   facet normal -7.120963e-01 3.539300e-01 -6.063435e-01
      outer loop
         vertex 2.062619e+01 4.276553e+01 5.000000e+00
         vertex 2.198766e+01 4.550477e+01 5.000000e+00
         vertex 2.332262e+01 4.464257e+01 2.928932e+00
      endloop
   endfacet
   facet normal 1.866003e-01 7.729988e-01 -6.063442e-01
      outer loop
         vertex 3.813471e+01 5.092989e+01 5.000000e+00
         vertex 3.496359e+01 5.007084e+01 2.928932e+00
         vertex 3.516119e+01 5.164769e+01 5.000000e+00
      endloop
   endfacet
   facet normal -8.280853e-01 4.115796e-01 -3.806270e-01
      outer loop
         vertex 1.968743e+01 4.310722e+01 7.411809e+00
         vertex 2.114847e+01 4.604678e+01 7.411809e+00
         vertex 2.198766e+01 4.550477e+01 5.000000e+00
      endloop
   endfacet
   facet normal 2.169948e-01 8.989087e-01 -3.806262e-01
      outer loop
         vertex 3.847639e+01 5.186865e+01 7.411809e+00
         vertex 3.516119e+01 5.164769e+01 5.000000e+00
         vertex 3.528542e+01 5.263894e+01 7.411809e+00
      endloop
   endfacet
   facet normal -7.674585e-01 6.278379e-01 -1.297188e-01
      outer loop
         vertex 2.298907e+01 4.883146e+01 1.000000e+01
         vertex 2.322699e+01 4.858753e+01 7.411809e+00
         vertex 2.114847e+01 4.604678e+01 7.411809e+00
      endloop
   endfacet
   facet normal -6.085097e-01 7.828724e-01 -1.297180e-01
      outer loop
         vertex 2.564110e+01 5.089281e+01 1.000000e+01
         vertex 2.581877e+01 5.060207e+01 7.411809e+00
         vertex 2.322699e+01 4.858753e+01 7.411809e+00
      endloop
   endfacet
   facet normal -4.190468e-01 8.986505e-01 -1.297193e-01
      outer loop
         vertex 2.868533e+01 5.231236e+01 1.000000e+01
         vertex 2.879385e+01 5.198936e+01 7.411809e+00
         vertex 2.581877e+01 5.060207e+01 7.411809e+00
      endloop
   endfacet
   facet normal -2.085729e-01 9.693660e-01 -1.297185e-01
      outer loop
         vertex 3.196911e+01 5.301891e+01 1.000000e+01
         vertex 3.200304e+01 5.267987e+01 7.411809e+00
         vertex 2.879385e+01 5.198936e+01 7.411809e+00
      endloop
   endfacet
   facet normal 1.236150e-02 9.914735e-01 -1.297205e-01
      outer loop
         vertex 3.532778e+01 5.297704e+01 1.000000e+01
         vertex 3.528542e+01 5.263894e+01 7.411809e+00
         vertex 3.200304e+01 5.267987e+01 7.411809e+00
      endloop
   endfacet
   facet normal 2.326750e-01 9.638646e-01 -1.297202e-01
      outer loop
         vertex 3.528542e+01 5.263894e+01 7.411809e+00
         vertex 3.532778e+01 5.297704e+01 1.000000e+01
         vertex 3.847639e+01 5.186865e+01 7.411809e+00
      endloop
   endfacet
   facet normal -8.879238e-01 4.413209e-01 -1.297193e-01
      outer loop
         vertex 1.968743e+01 4.310722e+01 7.411809e+00
         vertex 2.086224e+01 4.623165e+01 1.000000e+01
         vertex 2.114847e+01 4.604678e+01 7.411809e+00
      endloop
   endfacet
   facet normal -7.941143e-02 1.021663e-01 -9.915926e-01
      outer loop
         vertex 2.816427e+01 4.352559e+01 3.407417e-01
         vertex 2.950588e+01 4.456839e+01 3.407417e-01
         vertex 2.977624e+01 4.147141e+01 -7.105427e-15
      endloop
   endfacet
   facet normal -2.721909e-02 1.265041e-01 -9.915926e-01
      outer loop
         vertex 3.270709e+01 4.564394e+01 3.407417e-01
         vertex 3.324453e+01 4.308870e+01 -7.105427e-15
         vertex 3.104589e+01 4.528651e+01 3.407417e-01
      endloop
   endfacet
   facet normal 4.464256e-02 1.226546e-01 -9.914449e-01
      outer loop
         vertex 3.517273e+01 4.279192e+01 0.000000e+00
         vertex 3.605794e+01 4.522402e+01 3.407417e-01
         vertex 4.207198e+01 4.303509e+01 3.407417e-01
      endloop
   endfacet
   facet normal 4.464257e-02 1.226545e-01 -9.914449e-01
      outer loop
         vertex 3.517273e+01 4.279192e+01 0.000000e+00
         vertex 4.207198e+01 4.303509e+01 3.407417e-01
         vertex 4.118676e+01 4.060299e+01 0.000000e+00
      endloop
   endfacet
   facet normal 1.308855e-01 3.596047e-01 -9.238796e-01
      outer loop
         vertex 3.605794e+01 4.522402e+01 3.407417e-01
         vertex 3.688283e+01 4.749038e+01 1.339746e+00
         vertex 4.289686e+01 4.530145e+01 1.339746e+00
      endloop
   endfacet
   facet normal 1.308854e-01 3.596052e-01 -9.238794e-01
      outer loop
         vertex 3.605794e+01 4.522402e+01 3.407417e-01
         vertex 4.289686e+01 4.530145e+01 1.339746e+00
         vertex 4.207198e+01 4.303509e+01 3.407417e-01
      endloop
   endfacet
   facet normal 2.082088e-01 5.720486e-01 -7.933533e-01
      outer loop
         vertex 3.688283e+01 4.749038e+01 1.339746e+00
         vertex 3.759118e+01 4.943655e+01 2.928932e+00
         vertex 4.360521e+01 4.724762e+01 2.928932e+00
      endloop
   endfacet
   facet normal 2.082088e-01 5.720486e-01 -7.933533e-01
      outer loop
         vertex 3.688283e+01 4.749038e+01 1.339746e+00
         vertex 4.360521e+01 4.724762e+01 2.928932e+00
         vertex 4.289686e+01 4.530145e+01 1.339746e+00
      endloop
   endfacet
   facet normal 2.713429e-01 7.455082e-01 -6.087615e-01
      outer loop
         vertex 3.759118e+01 4.943655e+01 2.928932e+00
         vertex 3.813471e+01 5.092989e+01 5.000000e+00
         vertex 4.414874e+01 4.874096e+01 5.000000e+00
      endloop
   endfacet
   facet normal 2.713429e-01 7.455082e-01 -6.087615e-01
      outer loop
         vertex 3.759118e+01 4.943655e+01 2.928932e+00
         vertex 4.414874e+01 4.874096e+01 5.000000e+00
         vertex 4.360521e+01 4.724762e+01 2.928932e+00
      endloop
   endfacet
   facet normal 3.159852e-01 8.681632e-01 -3.826828e-01
      outer loop
         vertex 3.813471e+01 5.092989e+01 5.000000e+00
         vertex 3.847639e+01 5.186865e+01 7.411809e+00
         vertex 4.449042e+01 4.967972e+01 7.411809e+00
      endloop
   endfacet
   facet normal 3.159855e-01 8.681625e-01 -3.826839e-01
      outer loop
         vertex 3.813471e+01 5.092989e+01 5.000000e+00
         vertex 4.449042e+01 4.967972e+01 7.411809e+00
         vertex 4.414874e+01 4.874096e+01 5.000000e+00
      endloop
   endfacet
   facet normal 3.390942e-01 9.316533e-01 -1.305271e-01
      outer loop
         vertex 3.847639e+01 5.186865e+01 7.411809e+00
         vertex 3.859293e+01 5.218884e+01 1.000000e+01
         vertex 4.460696e+01 4.999991e+01 1.000000e+01
      endloop
   endfacet
   facet normal 3.390938e-01 9.316536e-01 -1.305257e-01
      outer loop
         vertex 3.847639e+01 5.186865e+01 7.411809e+00
         vertex 4.460696e+01 4.999991e+01 1.000000e+01
         vertex 4.449042e+01 4.967972e+01 7.411809e+00
      endloop
   endfacet
   facet normal 2.436177e-01 2.977937e-01 -9.230218e-01
      outer loop
         vertex 4.490212e+01 4.430478e+01 1.339746e+00
         vertex 4.490879e+01 4.120288e+01 3.407417e-01
         vertex 4.359361e+01 4.227880e+01 3.407417e-01
      endloop
   endfacet
   facet normal 2.436168e-01 2.977938e-01 -9.230221e-01
      outer loop
         vertex 4.663533e+01 4.288689e+01 1.339746e+00
         vertex 4.490879e+01 4.120288e+01 3.407417e-01
         vertex 4.490212e+01 4.430478e+01 1.339746e+00
      endloop
   endfacet
   facet normal 3.037748e-01 2.361181e-01 -9.230217e-01
      outer loop
         vertex 4.800957e+01 4.111888e+01 1.339746e+00
         vertex 4.595160e+01 3.986127e+01 3.407417e-01
         vertex 4.490879e+01 4.120288e+01 3.407417e-01
      endloop
   endfacet
   facet normal 3.037748e-01 2.361169e-01 -9.230220e-01
      outer loop
         vertex 4.663533e+01 4.288689e+01 1.339746e+00
         vertex 4.800957e+01 4.111888e+01 1.339746e+00
         vertex 4.490879e+01 4.120288e+01 3.407417e-01
      endloop
   endfacet
   facet normal 3.486998e-01 1.626008e-01 -9.230219e-01
      outer loop
         vertex 4.895593e+01 3.908939e+01 1.339746e+00
         vertex 4.666971e+01 3.832126e+01 3.407417e-01
         vertex 4.595160e+01 3.986127e+01 3.407417e-01
      endloop
   endfacet
   facet normal 3.486999e-01 1.626014e-01 -9.230217e-01
      outer loop
         vertex 4.800957e+01 4.111888e+01 1.339746e+00
         vertex 4.895593e+01 3.908939e+01 1.339746e+00
         vertex 4.595160e+01 3.986127e+01 3.407417e-01
      endloop
   endfacet
   facet normal 3.761392e-01 8.093151e-02 -9.230219e-01
      outer loop
         vertex 4.895593e+01 3.908939e+01 1.339746e+00
         vertex 4.702714e+01 3.666006e+01 3.407417e-01
         vertex 4.666971e+01 3.832126e+01 3.407417e-01
      endloop
   endfacet
   facet normal 3.761389e-01 8.093173e-02 -9.230220e-01
      outer loop
         vertex 4.942697e+01 3.690020e+01 1.339746e+00
         vertex 4.702714e+01 3.666006e+01 3.407417e-01
         vertex 4.895593e+01 3.908939e+01 1.339746e+00
      endloop
   endfacet
   facet normal 3.847174e-01 -4.796389e-03 -9.230220e-01
      outer loop
         vertex 4.939905e+01 3.466109e+01 1.339746e+00
         vertex 4.700596e+01 3.496098e+01 3.407417e-01
         vertex 4.702714e+01 3.666006e+01 3.407417e-01
      endloop
   endfacet
   facet normal 3.847173e-01 -4.796424e-03 -9.230220e-01
      outer loop
         vertex 4.942697e+01 3.690020e+01 1.339746e+00
         vertex 4.939905e+01 3.466109e+01 1.339746e+00
         vertex 4.702714e+01 3.666006e+01 3.407417e-01
      endloop
   endfacet
   facet normal 3.869896e-01 4.730507e-01 -7.914936e-01
      outer loop
         vertex 4.602577e+01 4.604453e+01 2.928932e+00
         vertex 4.663533e+01 4.288689e+01 1.339746e+00
         vertex 4.490212e+01 4.430478e+01 1.339746e+00
      endloop
   endfacet
   facet normal 3.869898e-01 4.730507e-01 -7.914935e-01
      outer loop
         vertex 4.811794e+01 4.433299e+01 2.928932e+00
         vertex 4.663533e+01 4.288689e+01 1.339746e+00
         vertex 4.602577e+01 4.604453e+01 2.928932e+00
      endloop
   endfacet
   facet normal 4.825517e-01 3.750758e-01 -7.914935e-01
      outer loop
         vertex 4.977679e+01 4.219880e+01 2.928932e+00
         vertex 4.800957e+01 4.111888e+01 1.339746e+00
         vertex 4.663533e+01 4.288689e+01 1.339746e+00
      endloop
   endfacet
   facet normal 4.825517e-01 3.750759e-01 -7.914935e-01
      outer loop
         vertex 4.811794e+01 4.433299e+01 2.928932e+00
         vertex 4.977679e+01 4.219880e+01 2.928932e+00
         vertex 4.663533e+01 4.288689e+01 1.339746e+00
      endloop
   endfacet
   facet normal 5.539150e-01 2.582947e-01 -7.914935e-01
      outer loop
         vertex 4.977679e+01 4.219880e+01 2.928932e+00
         vertex 4.895593e+01 3.908939e+01 1.339746e+00
         vertex 4.800957e+01 4.111888e+01 1.339746e+00
      endloop
   endfacet
   facet normal 5.539147e-01 2.582949e-01 -7.914937e-01
      outer loop
         vertex 5.091916e+01 3.974900e+01 2.928932e+00
         vertex 4.895593e+01 3.908939e+01 1.339746e+00
         vertex 4.977679e+01 4.219880e+01 2.928932e+00
      endloop
   endfacet
   facet normal 5.975028e-01 1.285614e-01 -7.914938e-01
      outer loop
         vertex 5.091916e+01 3.974900e+01 2.928932e+00
         vertex 4.942697e+01 3.690020e+01 1.339746e+00
         vertex 4.895593e+01 3.908939e+01 1.339746e+00
      endloop
   endfacet
   facet normal 5.975031e-01 1.285611e-01 -7.914936e-01
      outer loop
         vertex 5.148774e+01 3.710641e+01 2.928932e+00
         vertex 4.942697e+01 3.690020e+01 1.339746e+00
         vertex 5.091916e+01 3.974900e+01 2.928932e+00
      endloop
   endfacet
   facet normal 6.111300e-01 -7.619200e-03 -7.914936e-01
      outer loop
         vertex 5.148774e+01 3.710641e+01 2.928932e+00
         vertex 4.939905e+01 3.466109e+01 1.339746e+00
         vertex 4.942697e+01 3.690020e+01 1.339746e+00
      endloop
   endfacet
   facet normal 6.111296e-01 -7.618678e-03 -7.914939e-01
      outer loop
         vertex 5.145405e+01 3.440356e+01 2.928932e+00
         vertex 4.939905e+01 3.466109e+01 1.339746e+00
         vertex 5.148774e+01 3.710641e+01 2.928932e+00
      endloop
   endfacet
   facet normal 5.035115e-01 6.154853e-01 -6.063448e-01
      outer loop
         vertex 4.688798e+01 4.737949e+01 5.000000e+00
         vertex 4.811794e+01 4.433299e+01 2.928932e+00
         vertex 4.602577e+01 4.604453e+01 2.928932e+00
      endloop
   endfacet
   facet normal 5.035133e-01 6.154851e-01 -6.063435e-01
      outer loop
         vertex 4.925558e+01 4.544262e+01 5.000000e+00
         vertex 4.811794e+01 4.433299e+01 2.928932e+00
         vertex 4.688798e+01 4.737949e+01 5.000000e+00
      endloop
   endfacet
   facet normal 6.278478e-01 4.880111e-01 -6.063435e-01
      outer loop
         vertex 4.925558e+01 4.544262e+01 5.000000e+00
         vertex 4.977679e+01 4.219880e+01 2.928932e+00
         vertex 4.811794e+01 4.433299e+01 2.928932e+00
      endloop
   endfacet
   facet normal 6.278464e-01 4.880115e-01 -6.063445e-01
      outer loop
         vertex 5.113283e+01 4.302746e+01 5.000000e+00
         vertex 4.977679e+01 4.219880e+01 2.928932e+00
         vertex 4.925558e+01 4.544262e+01 5.000000e+00
      endloop
   endfacet
   facet normal 7.206982e-01 3.360674e-01 -6.063437e-01
      outer loop
         vertex 5.242559e+01 4.025513e+01 5.000000e+00
         vertex 5.091916e+01 3.974900e+01 2.928932e+00
         vertex 4.977679e+01 4.219880e+01 2.928932e+00
      endloop
   endfacet
   facet normal 7.206981e-01 3.360664e-01 -6.063445e-01
      outer loop
         vertex 5.113283e+01 4.302746e+01 5.000000e+00
         vertex 5.242559e+01 4.025513e+01 5.000000e+00
         vertex 4.977679e+01 4.219880e+01 2.928932e+00
      endloop
   endfacet
   facet normal 7.774111e-01 1.672708e-01 -6.063436e-01
      outer loop
         vertex 5.242559e+01 4.025513e+01 5.000000e+00
         vertex 5.148774e+01 3.710641e+01 2.928932e+00
         vertex 5.091916e+01 3.974900e+01 2.928932e+00
      endloop
   endfacet
   facet normal 7.774105e-01 1.672713e-01 -6.063441e-01
      outer loop
         vertex 5.306903e+01 3.726464e+01 5.000000e+00
         vertex 5.148774e+01 3.710641e+01 2.928932e+00
         vertex 5.242559e+01 4.025513e+01 5.000000e+00
      endloop
   endfacet
   facet normal 7.951405e-01 -9.912659e-03 -6.063443e-01
      outer loop
         vertex 5.306903e+01 3.726464e+01 5.000000e+00
         vertex 5.145405e+01 3.440356e+01 2.928932e+00
         vertex 5.148774e+01 3.710641e+01 2.928932e+00
      endloop
   endfacet
   facet normal 7.951412e-01 -9.913779e-03 -6.063433e-01
      outer loop
         vertex 5.303090e+01 3.420596e+01 5.000000e+00
         vertex 5.145405e+01 3.440356e+01 2.928932e+00
         vertex 5.306903e+01 3.726464e+01 5.000000e+00
      endloop
   endfacet
   facet normal 5.855275e-01 7.157377e-01 -3.806272e-01
      outer loop
         vertex 4.997074e+01 4.614016e+01 7.411809e+00
         vertex 4.925558e+01 4.544262e+01 5.000000e+00
         vertex 4.688798e+01 4.737949e+01 5.000000e+00
      endloop
   endfacet
   facet normal 5.855269e-01 7.157389e-01 -3.806258e-01
      outer loop
         vertex 4.742999e+01 4.821868e+01 7.411809e+00
         vertex 4.997074e+01 4.614016e+01 7.411809e+00
         vertex 4.688798e+01 4.737949e+01 5.000000e+00
      endloop
   endfacet
   facet normal 7.301134e-01 5.675015e-01 -3.806264e-01
      outer loop
         vertex 5.198527e+01 4.354838e+01 7.411809e+00
         vertex 5.113283e+01 4.302746e+01 5.000000e+00
         vertex 4.925558e+01 4.544262e+01 5.000000e+00
      endloop
   endfacet
   facet normal 7.301135e-01 5.675010e-01 -3.806269e-01
      outer loop
         vertex 4.997074e+01 4.614016e+01 7.411809e+00
         vertex 5.198527e+01 4.354838e+01 7.411809e+00
         vertex 4.925558e+01 4.544262e+01 5.000000e+00
      endloop
   endfacet
   facet normal 8.380892e-01 3.908067e-01 -3.806266e-01
      outer loop
         vertex 5.337257e+01 4.057330e+01 7.411809e+00
         vertex 5.242559e+01 4.025513e+01 5.000000e+00
         vertex 5.113283e+01 4.302746e+01 5.000000e+00
      endloop
   endfacet
   facet normal 8.380892e-01 3.908070e-01 -3.806264e-01
      outer loop
         vertex 5.198527e+01 4.354838e+01 7.411809e+00
         vertex 5.337257e+01 4.057330e+01 7.411809e+00
         vertex 5.113283e+01 4.302746e+01 5.000000e+00
      endloop
   endfacet
   facet normal 9.040391e-01 1.945173e-01 -3.806262e-01
      outer loop
         vertex 5.406307e+01 3.736412e+01 7.411809e+00
         vertex 5.306903e+01 3.726464e+01 5.000000e+00
         vertex 5.242559e+01 4.025513e+01 5.000000e+00
      endloop
   endfacet
   facet normal 9.040390e-01 1.945169e-01 -3.806267e-01
      outer loop
         vertex 5.337257e+01 4.057330e+01 7.411809e+00
         vertex 5.406307e+01 3.736412e+01 7.411809e+00
         vertex 5.242559e+01 4.025513e+01 5.000000e+00
      endloop
   endfacet
   facet normal 9.246566e-01 -1.152857e-02 -3.806274e-01
      outer loop
         vertex 5.402215e+01 3.408174e+01 7.411809e+00
         vertex 5.303090e+01 3.420596e+01 5.000000e+00
         vertex 5.306903e+01 3.726464e+01 5.000000e+00
      endloop
   endfacet
   facet normal 9.246572e-01 -1.152737e-02 -3.806260e-01
      outer loop
         vertex 5.406307e+01 3.736412e+01 7.411809e+00
         vertex 5.402215e+01 3.408174e+01 7.411809e+00
         vertex 5.306903e+01 3.726464e+01 5.000000e+00
      endloop
   endfacet
   facet normal 1.276706e-01 -3.081927e-02 -9.913377e-01
      outer loop
         vertex 4.700596e+01 3.496098e+01 3.407417e-01
         vertex 4.660723e+01 3.330921e+01 3.407417e-01
         vertex 4.417512e+01 3.419442e+01 2.368476e-15
      endloop
   endfacet
   facet normal 3.740049e-01 -9.028353e-02 -9.230218e-01
      outer loop
         vertex 4.700596e+01 3.496098e+01 3.407417e-01
         vertex 4.887358e+01 3.248432e+01 1.339746e+00
         vertex 4.660723e+01 3.330921e+01 3.407417e-01
      endloop
   endfacet
   facet normal 5.941122e-01 -1.434175e-01 -7.914936e-01
      outer loop
         vertex 4.939905e+01 3.466109e+01 1.339746e+00
         vertex 5.081975e+01 3.177598e+01 2.928932e+00
         vertex 4.887358e+01 3.248432e+01 1.339746e+00
      endloop
   endfacet
   facet normal 7.729988e-01 -1.866009e-01 -6.063439e-01
      outer loop
         vertex 5.145405e+01 3.440356e+01 2.928932e+00
         vertex 5.231310e+01 3.123244e+01 5.000000e+00
         vertex 5.081975e+01 3.177598e+01 2.928932e+00
      endloop
   endfacet
   facet normal 8.989083e-01 -2.169944e-01 -3.806275e-01
      outer loop
         vertex 5.303090e+01 3.420596e+01 5.000000e+00
         vertex 5.325186e+01 3.089076e+01 7.411809e+00
         vertex 5.231310e+01 3.123244e+01 5.000000e+00
      endloop
   endfacet
   facet normal 9.638648e-01 -2.326752e-01 -1.297186e-01
      outer loop
         vertex 5.436025e+01 3.403937e+01 1.000000e+01
         vertex 5.357205e+01 3.077422e+01 1.000000e+01
         vertex 5.325186e+01 3.089076e+01 7.411809e+00
      endloop
   endfacet
   facet normal 9.914736e-01 -1.236110e-02 -1.297200e-01
      outer loop
         vertex 5.406307e+01 3.736412e+01 7.411809e+00
         vertex 5.440212e+01 3.739804e+01 1.000000e+01
         vertex 5.436025e+01 3.403937e+01 1.000000e+01
      endloop
   endfacet
   facet normal 9.693659e-01 2.085723e-01 -1.297205e-01
      outer loop
         vertex 5.337257e+01 4.057330e+01 7.411809e+00
         vertex 5.369557e+01 4.068182e+01 1.000000e+01
         vertex 5.440212e+01 3.739804e+01 1.000000e+01
      endloop
   endfacet
   facet normal 8.986500e-01 4.190478e-01 -1.297193e-01
      outer loop
         vertex 5.198527e+01 4.354838e+01 7.411809e+00
         vertex 5.227602e+01 4.372605e+01 1.000000e+01
         vertex 5.369557e+01 4.068182e+01 1.000000e+01
      endloop
   endfacet
   facet normal 7.828727e-01 6.085089e-01 -1.297198e-01
      outer loop
         vertex 4.997074e+01 4.614016e+01 7.411809e+00
         vertex 5.021466e+01 4.637808e+01 1.000000e+01
         vertex 5.227602e+01 4.372605e+01 1.000000e+01
      endloop
   endfacet
   facet normal 6.278372e-01 7.674590e-01 -1.297193e-01
      outer loop
         vertex 4.742999e+01 4.821868e+01 7.411809e+00
         vertex 4.761485e+01 4.850491e+01 1.000000e+01
         vertex 5.021466e+01 4.637808e+01 1.000000e+01
      endloop
   endfacet
   facet normal 4.413212e-01 8.879238e-01 -1.297190e-01
      outer loop
         vertex 4.449042e+01 4.967972e+01 7.411809e+00
         vertex 4.460696e+01 4.999991e+01 1.000000e+01
         vertex 4.761485e+01 4.850491e+01 1.000000e+01
      endloop
   endfacet
   facet normal 4.115790e-01 8.280855e-01 -3.806272e-01
      outer loop
         vertex 4.688798e+01 4.737949e+01 5.000000e+00
         vertex 4.414874e+01 4.874096e+01 5.000000e+00
         vertex 4.449042e+01 4.967972e+01 7.411809e+00
      endloop
   endfacet
   facet normal 3.539303e-01 7.120959e-01 -6.063438e-01
      outer loop
         vertex 4.602577e+01 4.604453e+01 2.928932e+00
         vertex 4.360521e+01 4.724762e+01 2.928932e+00
         vertex 4.414874e+01 4.874096e+01 5.000000e+00
      endloop
   endfacet
   facet normal 2.720238e-01 5.473032e-01 -7.914937e-01
      outer loop
         vertex 4.490212e+01 4.430478e+01 1.339746e+00
         vertex 4.289686e+01 4.530145e+01 1.339746e+00
         vertex 4.360521e+01 4.724762e+01 2.928932e+00
      endloop
   endfacet
   facet normal 1.712444e-01 3.445377e-01 -9.230217e-01
      outer loop
         vertex 4.359361e+01 4.227880e+01 3.407417e-01
         vertex 4.207198e+01 4.303509e+01 3.407417e-01
         vertex 4.289686e+01 4.530145e+01 1.339746e+00
      endloop
   endfacet
   facet normal 5.845618e-02 1.176117e-01 -9.913377e-01
      outer loop
         vertex 4.359361e+01 4.227880e+01 3.407417e-01
         vertex 4.118676e+01 4.060299e+01 2.368476e-15
         vertex 4.207198e+01 4.303509e+01 3.407417e-01
      endloop
   endfacet
   facet normal 6.540069e-02 1.077769e-01 -9.920216e-01
      outer loop
         vertex 4.359361e+01 4.227880e+01 3.407417e-01
         vertex 4.285461e+01 3.959091e+01 3.552714e-15
         vertex 4.118676e+01 4.060299e+01 2.368476e-15
      endloop
   endfacet
   facet normal 1.025650e-01 7.520376e-02 -9.918794e-01
      outer loop
         vertex 4.595160e+01 3.986127e+01 3.407417e-01
         vertex 4.400820e+01 3.801762e+01 3.552714e-15
         vertex 4.285461e+01 3.959091e+01 3.552714e-15
      endloop
   endfacet
   facet normal 1.235371e-01 3.022936e-02 -9.918794e-01
      outer loop
         vertex 4.666971e+01 3.832126e+01 3.407417e-01
         vertex 4.447190e+01 3.612262e+01 3.552714e-15
         vertex 4.400820e+01 3.801762e+01 3.552714e-15
      endloop
   endfacet
   facet normal 1.246006e-01 -1.917800e-02 -9.920216e-01
      outer loop
         vertex 4.700596e+01 3.496098e+01 3.407417e-01
         vertex 4.417512e+01 3.419442e+01 2.368476e-15
         vertex 4.447190e+01 3.612262e+01 3.552714e-15
      endloop
   endfacet
   facet normal 8.391748e-02 1.025792e-01 -9.911788e-01
      outer loop
         vertex 4.285461e+01 3.959091e+01 3.552714e-15
         vertex 4.359361e+01 4.227880e+01 3.407417e-01
         vertex 4.490879e+01 4.120288e+01 3.407417e-01
      endloop
   endfacet
   facet normal 1.204798e-01 5.618042e-02 -9.911248e-01
      outer loop
         vertex 4.400820e+01 3.801762e+01 3.552714e-15
         vertex 4.595160e+01 3.986127e+01 3.407417e-01
         vertex 4.666971e+01 3.832126e+01 3.407417e-01
      endloop
   endfacet
   facet normal 1.325213e-01 -1.652184e-03 -9.911788e-01
      outer loop
         vertex 4.447190e+01 3.612262e+01 3.552714e-15
         vertex 4.702714e+01 3.666006e+01 3.407417e-01
         vertex 4.700596e+01 3.496098e+01 3.407417e-01
      endloop
   endfacet
   facet normal 1.712440e-01 3.445376e-01 -9.230218e-01
      outer loop
         vertex 4.289686e+01 4.530145e+01 1.339746e+00
         vertex 4.490212e+01 4.430478e+01 1.339746e+00
         vertex 4.359361e+01 4.227880e+01 3.407417e-01
      endloop
   endfacet
   facet normal 3.740044e-01 -9.028393e-02 -9.230219e-01
      outer loop
         vertex 4.887358e+01 3.248432e+01 1.339746e+00
         vertex 4.700596e+01 3.496098e+01 3.407417e-01
         vertex 4.939905e+01 3.466109e+01 1.339746e+00
      endloop
   endfacet
   facet normal 2.720241e-01 5.473033e-01 -7.914935e-01
      outer loop
         vertex 4.360521e+01 4.724762e+01 2.928932e+00
         vertex 4.602577e+01 4.604453e+01 2.928932e+00
         vertex 4.490212e+01 4.430478e+01 1.339746e+00
      endloop
   endfacet
   facet normal 5.941118e-01 -1.434178e-01 -7.914938e-01
      outer loop
         vertex 5.081975e+01 3.177598e+01 2.928932e+00
         vertex 4.939905e+01 3.466109e+01 1.339746e+00
         vertex 5.145405e+01 3.440356e+01 2.928932e+00
      endloop
   endfacet
   facet normal 3.539291e-01 7.120957e-01 -6.063447e-01
      outer loop
         vertex 4.414874e+01 4.874096e+01 5.000000e+00
         vertex 4.688798e+01 4.737949e+01 5.000000e+00
         vertex 4.602577e+01 4.604453e+01 2.928932e+00
      endloop
   endfacet
   facet normal 7.729994e-01 -1.866003e-01 -6.063433e-01
      outer loop
         vertex 5.231310e+01 3.123244e+01 5.000000e+00
         vertex 5.145405e+01 3.440356e+01 2.928932e+00
         vertex 5.303090e+01 3.420596e+01 5.000000e+00
      endloop
   endfacet
   facet normal 4.115803e-01 8.280855e-01 -3.806259e-01
      outer loop
         vertex 4.449042e+01 4.967972e+01 7.411809e+00
         vertex 4.742999e+01 4.821868e+01 7.411809e+00
         vertex 4.688798e+01 4.737949e+01 5.000000e+00
      endloop
   endfacet
   facet normal 8.989083e-01 -2.169944e-01 -3.806275e-01
      outer loop
         vertex 5.325186e+01 3.089076e+01 7.411809e+00
         vertex 5.303090e+01 3.420596e+01 5.000000e+00
         vertex 5.402215e+01 3.408174e+01 7.411809e+00
      endloop
   endfacet
   facet normal 6.278375e-01 7.674587e-01 -1.297197e-01
      outer loop
         vertex 5.021466e+01 4.637808e+01 1.000000e+01
         vertex 4.997074e+01 4.614016e+01 7.411809e+00
         vertex 4.742999e+01 4.821868e+01 7.411809e+00
      endloop
   endfacet
   facet normal 7.828725e-01 6.085093e-01 -1.297192e-01
      outer loop
         vertex 5.227602e+01 4.372605e+01 1.000000e+01
         vertex 5.198527e+01 4.354838e+01 7.411809e+00
         vertex 4.997074e+01 4.614016e+01 7.411809e+00
      endloop
   endfacet
   facet normal 8.986502e-01 4.190470e-01 -1.297203e-01
      outer loop
         vertex 5.369557e+01 4.068182e+01 1.000000e+01
         vertex 5.337257e+01 4.057330e+01 7.411809e+00
         vertex 5.198527e+01 4.354838e+01 7.411809e+00
      endloop
   endfacet
   facet normal 9.693658e-01 2.085729e-01 -1.297197e-01
      outer loop
         vertex 5.440212e+01 3.739804e+01 1.000000e+01
         vertex 5.406307e+01 3.736412e+01 7.411809e+00
         vertex 5.337257e+01 4.057330e+01 7.411809e+00
      endloop
   endfacet
   facet normal 9.914737e-01 -1.236035e-02 -1.297191e-01
      outer loop
         vertex 5.436025e+01 3.403937e+01 1.000000e+01
         vertex 5.402215e+01 3.408174e+01 7.411809e+00
         vertex 5.406307e+01 3.736412e+01 7.411809e+00
      endloop
   endfacet
   facet normal 9.638648e-01 -2.326748e-01 -1.297191e-01
      outer loop
         vertex 5.402215e+01 3.408174e+01 7.411809e+00
         vertex 5.436025e+01 3.403937e+01 1.000000e+01
         vertex 5.325186e+01 3.089076e+01 7.411809e+00
      endloop
   endfacet
   facet normal 4.413214e-01 8.879236e-01 -1.297193e-01
      outer loop
         vertex 4.449042e+01 4.967972e+01 7.411809e+00
         vertex 4.761485e+01 4.850491e+01 1.000000e+01
         vertex 4.742999e+01 4.821868e+01 7.411809e+00
      endloop
   endfacet
   facet normal 1.021661e-01 7.941172e-02 -9.915926e-01
      outer loop
         vertex 4.490879e+01 4.120288e+01 3.407417e-01
         vertex 4.595160e+01 3.986127e+01 3.407417e-01
         vertex 4.285461e+01 3.959091e+01 3.552714e-15
      endloop
   endfacet
   facet normal 1.265040e-01 2.721908e-02 -9.915926e-01
      outer loop
         vertex 4.702714e+01 3.666006e+01 3.407417e-01
         vertex 4.447190e+01 3.612262e+01 3.552714e-15
         vertex 4.666971e+01 3.832126e+01 3.407417e-01
      endloop
   endfacet
   facet normal 0.000000e+00 0.000000e+00 -1.000000e+00
      outer loop
         vertex 3.870000e+01 -4.215977e+01 1.260000e+01
         vertex 3.870000e+01 -3.415977e+01 1.260000e+01
         vertex 4.270000e+01 -3.415977e+01 1.260000e+01
      endloop
   endfacet
   facet normal 0.000000e+00 -0.000000e+00 -1.000000e+00
      outer loop
         vertex 3.870000e+01 -4.215977e+01 1.260000e+01
         vertex 4.270000e+01 -3.415977e+01 1.260000e+01
         vertex 4.270000e+01 -4.215977e+01 1.260000e+01
      endloop
   endfacet
   facet normal 0.000000e+00 0.000000e+00 1.000000e+00
      outer loop
         vertex 4.270000e+01 -4.415977e+01 7.800000e+00
         vertex 4.270000e+01 -3.215977e+01 7.800000e+00
         vertex 3.870000e+01 -3.215977e+01 7.800000e+00
      endloop
   endfacet
   facet normal 0.000000e+00 0.000000e+00 1.000000e+00
      outer loop
         vertex 4.270000e+01 -4.415977e+01 7.800000e+00
         vertex 3.870000e+01 -3.215977e+01 7.800000e+00
         vertex 3.870000e+01 -4.415977e+01 7.800000e+00
      endloop
   endfacet
   facet normal 0.000000e+00 1.000000e+00 -0.000000e+00
      outer loop
         vertex 4.270000e+01 -3.115977e+01 6.800000e+00
         vertex 4.270000e+01 -3.115977e+01 3.600000e+00
         vertex 3.870000e+01 -3.115977e+01 3.600000e+00
      endloop
   endfacet
   facet normal 0.000000e+00 1.000000e+00 0.000000e+00
      outer loop
         vertex 4.270000e+01 -3.115977e+01 6.800000e+00
         vertex 3.870000e+01 -3.115977e+01 3.600000e+00
         vertex 3.870000e+01 -3.115977e+01 6.800000e+00
      endloop
   endfacet
   facet normal 0.000000e+00 0.000000e+00 -1.000000e+00
      outer loop
         vertex 4.270000e+01 -3.215977e+01 2.600000e+00
         vertex 4.270000e+01 -4.415977e+01 2.600000e+00
         vertex 3.870000e+01 -4.415977e+01 2.600000e+00
      endloop
   endfacet
   facet normal 0.000000e+00 0.000000e+00 -1.000000e+00
      outer loop
         vertex 4.270000e+01 -3.215977e+01 2.600000e+00
         vertex 3.870000e+01 -4.415977e+01 2.600000e+00
         vertex 3.870000e+01 -3.215977e+01 2.600000e+00
      endloop
   endfacet
   facet normal 0.000000e+00 -1.000000e+00 0.000000e+00
      outer loop
         vertex 3.870000e+01 -4.515977e+01 6.800000e+00
         vertex 3.870000e+01 -4.515977e+01 3.600000e+00
         vertex 4.270000e+01 -4.515977e+01 3.600000e+00
      endloop
   endfacet
   facet normal 0.000000e+00 -1.000000e+00 0.000000e+00
      outer loop
         vertex 3.870000e+01 -4.515977e+01 6.800000e+00
         vertex 4.270000e+01 -4.515977e+01 3.600000e+00
         vertex 4.270000e+01 -4.515977e+01 6.800000e+00
      endloop
   endfacet
   facet normal 0.000000e+00 0.000000e+00 1.000000e+00
      outer loop
         vertex 4.109370e+01 -3.509767e+00 1.360000e+01
         vertex 4.113010e+01 -3.409767e+00 1.360000e+01
         vertex 3.857705e+01 -3.509767e+00 1.360000e+01
      endloop
   endfacet
   facet normal -0.000000e+00 0.000000e+00 1.000000e+00
      outer loop
         vertex 4.113010e+01 -3.409767e+00 1.360000e+01
         vertex 3.857754e+01 -3.409767e+00 1.360000e+01
         vertex 3.857705e+01 -3.509767e+00 1.360000e+01
      endloop
   endfacet
   facet normal 0.000000e+00 0.000000e+00 1.000000e+00
      outer loop
         vertex 3.857705e+01 -3.509767e+00 1.360000e+01
         vertex 3.857754e+01 -3.409767e+00 1.360000e+01
         vertex 3.840395e+01 -3.838006e+00 1.360000e+01
      endloop
   endfacet
   facet normal 0.000000e+00 0.000000e+00 1.000000e+00
      outer loop
         vertex 3.857754e+01 -3.409767e+00 1.360000e+01
         vertex 3.840770e+01 -3.079830e+00 1.360000e+01
         vertex 3.840395e+01 -3.838006e+00 1.360000e+01
      endloop
   endfacet
   facet normal 0.000000e+00 0.000000e+00 1.000000e+00
      outer loop
         vertex 3.840395e+01 -3.838006e+00 1.360000e+01
         vertex 3.840770e+01 -3.079830e+00 1.360000e+01
         vertex 3.805230e+01 -3.956547e+00 1.360000e+01
      endloop
   endfacet
   facet normal 0.000000e+00 0.000000e+00 1.000000e+00
      outer loop
         vertex 3.840770e+01 -3.079830e+00 1.360000e+01
         vertex 3.805725e+01 -2.957813e+00 1.360000e+01
         vertex 3.805230e+01 -3.956547e+00 1.360000e+01
      endloop
   endfacet
   facet normal 0.000000e+00 0.000000e+00 1.000000e+00
      outer loop
         vertex 3.805230e+01 -3.956547e+00 1.360000e+01
         vertex 3.805725e+01 -2.957813e+00 1.360000e+01
         vertex 3.771581e+01 -3.800096e+00 1.360000e+01
      endloop
   endfacet
   facet normal -0.000000e+00 0.000000e+00 1.000000e+00
      outer loop
         vertex 3.805725e+01 -2.957813e+00 1.360000e+01
         vertex 3.771922e+01 -3.110925e+00 1.360000e+01
         vertex 3.771581e+01 -3.800096e+00 1.360000e+01
      endloop
   endfacet
   facet normal 0.000000e+00 0.000000e+00 1.000000e+00
      outer loop
         vertex 3.771581e+01 -3.800096e+00 1.360000e+01
         vertex 3.771922e+01 -3.110925e+00 1.360000e+01
         vertex 3.757981e+01 -3.454829e+00 1.360000e+01
      endloop
   endfacet
   facet normal -0.000000e+00 0.000000e+00 1.000000e+00
      outer loop
         vertex -1.495246e+01 3.984023e+01 1.360000e+01
         vertex -1.505246e+01 3.984023e+01 1.360000e+01
         vertex -1.495246e+01 3.733747e+01 1.360000e+01
      endloop
   endfacet
   facet normal -0.000000e+00 0.000000e+00 1.000000e+00
      outer loop
         vertex -1.505246e+01 3.984023e+01 1.360000e+01
         vertex -1.505246e+01 3.733797e+01 1.360000e+01
         vertex -1.495246e+01 3.733747e+01 1.360000e+01
      endloop
   endfacet
   facet normal 0.000000e+00 0.000000e+00 1.000000e+00
      outer loop
         vertex -1.495246e+01 3.733747e+01 1.360000e+01
         vertex -1.505246e+01 3.733797e+01 1.360000e+01
         vertex -1.462422e+01 3.716437e+01 1.360000e+01
      endloop
   endfacet
   facet normal -0.000000e+00 0.000000e+00 1.000000e+00
      outer loop
         vertex -1.505246e+01 3.733797e+01 1.360000e+01
         vertex -1.538240e+01 3.716813e+01 1.360000e+01
         vertex -1.462422e+01 3.716437e+01 1.360000e+01
      endloop
   endfacet
   facet normal 0.000000e+00 0.000000e+00 1.000000e+00
      outer loop
         vertex -1.462422e+01 3.716437e+01 1.360000e+01
         vertex -1.538240e+01 3.716813e+01 1.360000e+01
         vertex -1.450568e+01 3.681273e+01 1.360000e+01
      endloop
   endfacet
   facet normal -0.000000e+00 0.000000e+00 1.000000e+00
      outer loop
         vertex -1.538240e+01 3.716813e+01 1.360000e+01
         vertex -1.550442e+01 3.681767e+01 1.360000e+01
         vertex -1.450568e+01 3.681273e+01 1.360000e+01
      endloop
   endfacet
   facet normal 0.000000e+00 0.000000e+00 1.000000e+00
      outer loop
         vertex -1.450568e+01 3.681273e+01 1.360000e+01
         vertex -1.550442e+01 3.681767e+01 1.360000e+01
         vertex -1.466213e+01 3.647623e+01 1.360000e+01
      endloop
   endfacet
   facet normal -0.000000e+00 -0.000000e+00 1.000000e+00
      outer loop
         vertex -1.550442e+01 3.681767e+01 1.360000e+01
         vertex -1.535131e+01 3.647965e+01 1.360000e+01
         vertex -1.466213e+01 3.647623e+01 1.360000e+01
      endloop
   endfacet
   facet normal 0.000000e+00 0.000000e+00 1.000000e+00
      outer loop
         vertex -1.466213e+01 3.647623e+01 1.360000e+01
         vertex -1.535131e+01 3.647965e+01 1.360000e+01
         vertex -1.500740e+01 3.634024e+01 1.360000e+01
      endloop
   endfacet
   facet normal -0.000000e+00 0.000000e+00 1.000000e+00
      outer loop
         vertex 1.504754e+01 3.984023e+01 1.360000e+01
         vertex 1.494754e+01 3.984023e+01 1.360000e+01
         vertex 1.504754e+01 3.733747e+01 1.360000e+01
      endloop
   endfacet
   facet normal -0.000000e+00 0.000000e+00 1.000000e+00
      outer loop
         vertex 1.494754e+01 3.984023e+01 1.360000e+01
         vertex 1.494754e+01 3.733797e+01 1.360000e+01
         vertex 1.504754e+01 3.733747e+01 1.360000e+01
      endloop
   endfacet
   facet normal 0.000000e+00 0.000000e+00 1.000000e+00
      outer loop
         vertex 1.504754e+01 3.733747e+01 1.360000e+01
         vertex 1.494754e+01 3.733797e+01 1.360000e+01
         vertex 1.537578e+01 3.716437e+01 1.360000e+01
      endloop
   endfacet
   facet normal -0.000000e+00 0.000000e+00 1.000000e+00
      outer loop
         vertex 1.494754e+01 3.733797e+01 1.360000e+01
         vertex 1.461760e+01 3.716813e+01 1.360000e+01
         vertex 1.537578e+01 3.716437e+01 1.360000e+01
      endloop
   endfacet
   facet normal 0.000000e+00 0.000000e+00 1.000000e+00
      outer loop
         vertex 1.537578e+01 3.716437e+01 1.360000e+01
         vertex 1.461760e+01 3.716813e+01 1.360000e+01
         vertex 1.549432e+01 3.681273e+01 1.360000e+01
      endloop
   endfacet
   facet normal -0.000000e+00 0.000000e+00 1.000000e+00
      outer loop
         vertex 1.461760e+01 3.716813e+01 1.360000e+01
         vertex 1.449558e+01 3.681767e+01 1.360000e+01
         vertex 1.549432e+01 3.681273e+01 1.360000e+01
      endloop
   endfacet
   facet normal 0.000000e+00 0.000000e+00 1.000000e+00
      outer loop
         vertex 1.549432e+01 3.681273e+01 1.360000e+01
         vertex 1.449558e+01 3.681767e+01 1.360000e+01
         vertex 1.533787e+01 3.647623e+01 1.360000e+01
      endloop
   endfacet
   facet normal -0.000000e+00 -0.000000e+00 1.000000e+00
      outer loop
         vertex 1.449558e+01 3.681767e+01 1.360000e+01
         vertex 1.464869e+01 3.647965e+01 1.360000e+01
         vertex 1.533787e+01 3.647623e+01 1.360000e+01
      endloop
   endfacet
   facet normal 0.000000e+00 0.000000e+00 1.000000e+00
      outer loop
         vertex 1.533787e+01 3.647623e+01 1.360000e+01
         vertex 1.464869e+01 3.647965e+01 1.360000e+01
         vertex 1.499260e+01 3.634024e+01 1.360000e+01
      endloop
   endfacet
   facet normal 0.000000e+00 -0.000000e+00 1.000000e+00
      outer loop
         vertex -4.112959e+01 -3.411145e+00 1.360000e+01
         vertex -4.109320e+01 -3.511145e+00 1.360000e+01
         vertex -3.857655e+01 -3.411145e+00 1.360000e+01
      endloop
   endfacet
   facet normal 0.000000e+00 -0.000000e+00 1.000000e+00
      outer loop
         vertex -4.109320e+01 -3.511145e+00 1.360000e+01
         vertex -3.857704e+01 -3.511145e+00 1.360000e+01
         vertex -3.857655e+01 -3.411145e+00 1.360000e+01
      endloop
   endfacet
   facet normal 0.000000e+00 0.000000e+00 1.000000e+00
      outer loop
         vertex -3.857655e+01 -3.411145e+00 1.360000e+01
         vertex -3.857704e+01 -3.511145e+00 1.360000e+01
         vertex -3.840345e+01 -3.082906e+00 1.360000e+01
      endloop
   endfacet
   facet normal 0.000000e+00 -0.000000e+00 1.000000e+00
      outer loop
         vertex -3.857704e+01 -3.511145e+00 1.360000e+01
         vertex -3.840720e+01 -3.841082e+00 1.360000e+01
         vertex -3.840345e+01 -3.082906e+00 1.360000e+01
      endloop
   endfacet
   facet normal 0.000000e+00 0.000000e+00 1.000000e+00
      outer loop
         vertex -3.840345e+01 -3.082906e+00 1.360000e+01
         vertex -3.840720e+01 -3.841082e+00 1.360000e+01
         vertex -3.805180e+01 -2.964365e+00 1.360000e+01
      endloop
   endfacet
   facet normal 0.000000e+00 -0.000000e+00 1.000000e+00
      outer loop
         vertex -3.840720e+01 -3.841082e+00 1.360000e+01
         vertex -3.805675e+01 -3.963099e+00 1.360000e+01
         vertex -3.805180e+01 -2.964365e+00 1.360000e+01
      endloop
   endfacet
   facet normal 0.000000e+00 0.000000e+00 1.000000e+00
      outer loop
         vertex -3.805180e+01 -2.964365e+00 1.360000e+01
         vertex -3.805675e+01 -3.963099e+00 1.360000e+01
         vertex -3.771531e+01 -3.120816e+00 1.360000e+01
      endloop
   endfacet
   facet normal 0.000000e+00 -0.000000e+00 1.000000e+00
      outer loop
         vertex -3.805675e+01 -3.963099e+00 1.360000e+01
         vertex -3.771872e+01 -3.809987e+00 1.360000e+01
         vertex -3.771531e+01 -3.120816e+00 1.360000e+01
      endloop
   endfacet
   facet normal 0.000000e+00 0.000000e+00 1.000000e+00
      outer loop
         vertex -3.771531e+01 -3.120816e+00 1.360000e+01
         vertex -3.771872e+01 -3.809987e+00 1.360000e+01
         vertex -3.757931e+01 -3.466083e+00 1.360000e+01
      endloop
   endfacet
   facet normal -1.000000e+00 0.000000e+00 0.000000e+00
      outer loop
         vertex -4.270000e+01 -3.215977e+01 1.050000e+01
         vertex -4.270000e+01 -4.415977e+01 1.050000e+01
         vertex -4.270000e+01 -3.165977e+01 1.063398e+01
      endloop
   endfacet
   facet normal -1.000000e+00 0.000000e+00 0.000000e+00
      outer loop
         vertex -4.270000e+01 -4.415977e+01 1.050000e+01
         vertex -4.270000e+01 -4.465977e+01 1.063398e+01
         vertex -4.270000e+01 -3.165977e+01 1.063398e+01
      endloop
   endfacet
   facet normal -1.000000e+00 0.000000e+00 0.000000e+00
      outer loop
         vertex -4.270000e+01 -3.165977e+01 1.063398e+01
         vertex -4.270000e+01 -4.465977e+01 1.063398e+01
         vertex -4.270000e+01 -3.129374e+01 1.100000e+01
      endloop
   endfacet
   facet normal -1.000000e+00 0.000000e+00 0.000000e+00
      outer loop
         vertex -4.270000e+01 -4.465977e+01 1.063398e+01
         vertex -4.270000e+01 -4.502579e+01 1.100000e+01
         vertex -4.270000e+01 -3.129374e+01 1.100000e+01
      endloop
   endfacet
   facet normal -1.000000e+00 0.000000e+00 0.000000e+00
      outer loop
         vertex -4.270000e+01 -3.129374e+01 1.100000e+01
         vertex -4.270000e+01 -4.502579e+01 1.100000e+01
         vertex -4.270000e+01 -3.115977e+01 1.150000e+01
      endloop
   endfacet
   facet normal -1.000000e+00 0.000000e+00 0.000000e+00
      outer loop
         vertex -4.270000e+01 -4.502579e+01 1.100000e+01
         vertex -4.270000e+01 -4.515977e+01 1.150000e+01
         vertex -4.270000e+01 -3.115977e+01 1.150000e+01
      endloop
   endfacet
   facet normal -1.000000e+00 0.000000e+00 0.000000e+00
      outer loop
         vertex -4.270000e+01 -3.115977e+01 1.150000e+01
         vertex -4.270000e+01 -4.515977e+01 1.150000e+01
         vertex -4.270000e+01 -3.115977e+01 1.510000e+01
      endloop
   endfacet
   facet normal -1.000000e+00 0.000000e+00 0.000000e+00
      outer loop
         vertex -4.270000e+01 -4.515977e+01 1.150000e+01
         vertex -4.270000e+01 -4.515977e+01 1.510000e+01
         vertex -4.270000e+01 -3.115977e+01 1.510000e+01
      endloop
   endfacet
   facet normal -1.000000e+00 0.000000e+00 0.000000e+00
      outer loop
         vertex -4.270000e+01 -3.115977e+01 1.510000e+01
         vertex -4.270000e+01 -4.515977e+01 1.510000e+01
         vertex -4.270000e+01 -3.145266e+01 1.580711e+01
      endloop
   endfacet
   facet normal -1.000000e+00 0.000000e+00 -0.000000e+00
      outer loop
         vertex -4.270000e+01 -4.515977e+01 1.510000e+01
         vertex -4.270000e+01 -4.502579e+01 1.560000e+01
         vertex -4.270000e+01 -3.145266e+01 1.580711e+01
      endloop
   endfacet
   facet normal -1.000000e+00 0.000000e+00 0.000000e+00
      outer loop
         vertex -4.270000e+01 -3.145266e+01 1.580711e+01
         vertex -4.270000e+01 -4.502579e+01 1.560000e+01
         vertex -4.270000e+01 -3.215977e+01 1.610000e+01
      endloop
   endfacet
   facet normal -1.000000e+00 0.000000e+00 -0.000000e+00
      outer loop
         vertex -4.270000e+01 -4.502579e+01 1.560000e+01
         vertex -4.270000e+01 -4.465977e+01 1.596603e+01
         vertex -4.270000e+01 -3.215977e+01 1.610000e+01
      endloop
   endfacet
   facet normal -1.000000e+00 0.000000e+00 0.000000e+00
      outer loop
         vertex -4.270000e+01 -3.215977e+01 1.610000e+01
         vertex -4.270000e+01 -4.465977e+01 1.596603e+01
         vertex -4.270000e+01 -4.415977e+01 1.610000e+01
      endloop
   endfacet
   facet normal 1.000000e+00 0.000000e+00 0.000000e+00
      outer loop
         vertex 4.270000e+01 -4.515977e+01 6.800000e+00
         vertex 4.270000e+01 -4.515977e+01 3.600000e+00
         vertex 4.270000e+01 -4.502579e+01 7.300000e+00
      endloop
   endfacet
   facet normal 1.000000e+00 0.000000e+00 -0.000000e+00
      outer loop
         vertex 4.270000e+01 -4.515977e+01 3.600000e+00
         vertex 4.270000e+01 -4.502579e+01 3.100000e+00
         vertex 4.270000e+01 -4.502579e+01 7.300000e+00
      endloop
   endfacet
   facet normal 1.000000e+00 0.000000e+00 0.000000e+00
      outer loop
         vertex 4.270000e+01 -4.502579e+01 7.300000e+00
         vertex 4.270000e+01 -4.502579e+01 3.100000e+00
         vertex 4.270000e+01 -4.465977e+01 7.666026e+00
      endloop
   endfacet
   facet normal 1.000000e+00 0.000000e+00 -0.000000e+00
      outer loop
         vertex 4.270000e+01 -4.502579e+01 3.100000e+00
         vertex 4.270000e+01 -4.465977e+01 2.733975e+00
         vertex 4.270000e+01 -4.465977e+01 7.666026e+00
      endloop
   endfacet
   facet normal 1.000000e+00 0.000000e+00 0.000000e+00
      outer loop
         vertex 4.270000e+01 -4.465977e+01 7.666026e+00
         vertex 4.270000e+01 -4.465977e+01 2.733975e+00
         vertex 4.270000e+01 -4.415977e+01 7.800000e+00
      endloop
   endfacet
   facet normal 1.000000e+00 0.000000e+00 -0.000000e+00
      outer loop
         vertex 4.270000e+01 -4.465977e+01 2.733975e+00
         vertex 4.270000e+01 -4.415977e+01 2.600000e+00
         vertex 4.270000e+01 -4.415977e+01 7.800000e+00
      endloop
   endfacet
   facet normal 1.000000e+00 0.000000e+00 0.000000e+00
      outer loop
         vertex 4.270000e+01 -4.415977e+01 7.800000e+00
         vertex 4.270000e+01 -4.415977e+01 2.600000e+00
         vertex 4.270000e+01 -3.215977e+01 7.800000e+00
      endloop
   endfacet
   facet normal 1.000000e+00 0.000000e+00 -0.000000e+00
      outer loop
         vertex 4.270000e+01 -4.415977e+01 2.600000e+00
         vertex 4.270000e+01 -3.215977e+01 2.600000e+00
         vertex 4.270000e+01 -3.215977e+01 7.800000e+00
      endloop
   endfacet
   facet normal 1.000000e+00 0.000000e+00 0.000000e+00
      outer loop
         vertex 4.270000e+01 -3.215977e+01 7.800000e+00
         vertex 4.270000e+01 -3.215977e+01 2.600000e+00
         vertex 4.270000e+01 -3.165977e+01 7.666026e+00
      endloop
   endfacet
   facet normal 1.000000e+00 0.000000e+00 0.000000e+00
      outer loop
         vertex 4.270000e+01 -3.215977e+01 2.600000e+00
         vertex 4.270000e+01 -3.145266e+01 2.892893e+00
         vertex 4.270000e+01 -3.165977e+01 7.666026e+00
      endloop
   endfacet
   facet normal 1.000000e+00 0.000000e+00 -0.000000e+00
      outer loop
         vertex 4.270000e+01 -3.165977e+01 7.666026e+00
         vertex 4.270000e+01 -3.145266e+01 2.892893e+00
         vertex 4.270000e+01 -3.129374e+01 7.300000e+00
      endloop
   endfacet
   facet normal 1.000000e+00 0.000000e+00 0.000000e+00
      outer loop
         vertex 4.270000e+01 -3.145266e+01 2.892893e+00
         vertex 4.270000e+01 -3.115977e+01 3.600000e+00
         vertex 4.270000e+01 -3.129374e+01 7.300000e+00
      endloop
   endfacet
   facet normal 1.000000e+00 0.000000e+00 -0.000000e+00
      outer loop
         vertex 4.270000e+01 -3.129374e+01 7.300000e+00
         vertex 4.270000e+01 -3.115977e+01 3.600000e+00
         vertex 4.270000e+01 -3.115977e+01 6.800000e+00
      endloop
   endfacet
   facet normal 9.579064e-01 0.000000e+00 -2.870808e-01
      outer loop
         vertex 3.845275e+01 7.912354e+00 6.750116e-01
         vertex 3.870000e+01 3.749551e+00 1.500000e+00
         vertex 3.870000e+01 -5.495977e+01 1.500000e+00
      endloop
   endfacet
   facet normal 9.339387e-01 -1.017378e-03 -3.574318e-01
      outer loop
         vertex 3.870000e+01 -5.495977e+01 1.500000e+00
         vertex 3.831746e+01 -5.457722e+01 4.993527e-01
         vertex 3.845275e+01 7.912354e+00 6.750116e-01
      endloop
   endfacet
   facet normal 4.572742e-01 -1.493990e-03 -8.893245e-01
      outer loop
         vertex 3.831746e+01 -5.457722e+01 4.993527e-01
         vertex 3.736768e+01 -5.362745e+01 9.402080e-03
         vertex 3.787011e+01 1.169459e+01 1.580029e-01
      endloop
   endfacet
   facet normal 5.594874e-02 -3.411456e-05 -9.984336e-01
      outer loop
         vertex 3.736768e+01 -5.362745e+01 9.402080e-03
         vertex 3.720000e+01 -5.345977e+01 0.000000e+00
         vertex 3.727523e+01 1.466901e+01 1.887991e-03
      endloop
   endfacet
   facet normal 2.508720e-02 0.000000e+00 -9.996853e-01
      outer loop
         vertex 3.720000e+01 -5.345977e+01 0.000000e+00
         vertex 3.720000e+01 1.503043e+01 0.000000e+00
         vertex 3.727523e+01 1.466901e+01 1.887991e-03
      endloop
   endfacet
   facet normal 2.549555e-01 2.387336e-04 -9.669527e-01
      outer loop
         vertex 3.727523e+01 1.466901e+01 1.887991e-03
         vertex 3.787011e+01 1.169459e+01 1.580029e-01
         vertex 3.736768e+01 -5.362745e+01 9.402080e-03
      endloop
   endfacet
   facet normal 6.660903e-01 6.544611e-04 -7.458708e-01
      outer loop
         vertex 3.787011e+01 1.169459e+01 1.580029e-01
         vertex 3.845275e+01 7.912354e+00 6.750116e-01
         vertex 3.831746e+01 -5.457722e+01 4.993527e-01
      endloop
   endfacet
   facet normal -0.000000e+00 -9.340689e-01 -3.570927e-01
      outer loop
         vertex 3.831746e+01 -5.457722e+01 4.993527e-01
         vertex 3.870000e+01 -5.495977e+01 1.500000e+00
         vertex -3.870000e+01 -5.495977e+01 1.500000e+00
      endloop
   endfacet
   facet normal 0.000000e+00 -9.340689e-01 -3.570927e-01
      outer loop
         vertex -3.870000e+01 -5.495977e+01 1.500000e+00
         vertex -3.831746e+01 -5.457722e+01 4.993527e-01
         vertex 3.831746e+01 -5.457722e+01 4.993527e-01
      endloop
   endfacet
   facet normal 0.000000e+00 -4.584551e-01 -8.887176e-01
      outer loop
         vertex -3.831746e+01 -5.457722e+01 4.993527e-01
         vertex -3.736768e+01 -5.362745e+01 9.402080e-03
         vertex 3.736768e+01 -5.362745e+01 9.402080e-03
      endloop
   endfacet
   facet normal 0.000000e+00 -5.598275e-02 -9.984317e-01
      outer loop
         vertex -3.736768e+01 -5.362745e+01 9.402080e-03
         vertex -3.720000e+01 -5.345977e+01 0.000000e+00
         vertex 3.720000e+01 -5.345977e+01 0.000000e+00
      endloop
   endfacet
   facet normal -0.000000e+00 -5.598275e-02 -9.984317e-01
      outer loop
         vertex 3.720000e+01 -5.345977e+01 0.000000e+00
         vertex 3.736768e+01 -5.362745e+01 9.402080e-03
         vertex -3.736768e+01 -5.362745e+01 9.402080e-03
      endloop
   endfacet
   facet normal -0.000000e+00 -4.584551e-01 -8.887176e-01
      outer loop
         vertex 3.736768e+01 -5.362745e+01 9.402080e-03
         vertex 3.831746e+01 -5.457722e+01 4.993527e-01
         vertex -3.831746e+01 -5.457722e+01 4.993527e-01
      endloop
   endfacet
   facet normal -9.339387e-01 -1.017378e-03 -3.574318e-01
      outer loop
         vertex -3.831746e+01 -5.457722e+01 4.993527e-01
         vertex -3.870000e+01 -5.495977e+01 1.500000e+00
         vertex -3.845275e+01 7.912354e+00 6.750116e-01
      endloop
   endfacet
   facet normal -9.579064e-01 -0.000000e+00 -2.870808e-01
      outer loop
         vertex -3.870000e+01 -5.495977e+01 1.500000e+00
         vertex -3.870000e+01 3.749551e+00 1.500000e+00
         vertex -3.845275e+01 7.912354e+00 6.750116e-01
      endloop
   endfacet
   facet normal -6.660903e-01 6.544611e-04 -7.458708e-01
      outer loop
         vertex -3.845275e+01 7.912354e+00 6.750116e-01
         vertex -3.787011e+01 1.169459e+01 1.580029e-01
         vertex -3.831746e+01 -5.457722e+01 4.993527e-01
      endloop
   endfacet
   facet normal -2.549555e-01 2.387336e-04 -9.669527e-01
      outer loop
         vertex -3.787011e+01 1.169459e+01 1.580029e-01
         vertex -3.727523e+01 1.466901e+01 1.887991e-03
         vertex -3.736768e+01 -5.362745e+01 9.402080e-03
      endloop
   endfacet
   facet normal -2.508720e-02 -0.000000e+00 -9.996853e-01
      outer loop
         vertex -3.727523e+01 1.466901e+01 1.887991e-03
         vertex -3.720000e+01 1.503043e+01 0.000000e+00
         vertex -3.720000e+01 -5.345977e+01 0.000000e+00
      endloop
   endfacet
   facet normal -5.594874e-02 -3.411456e-05 -9.984336e-01
      outer loop
         vertex -3.720000e+01 -5.345977e+01 0.000000e+00
         vertex -3.736768e+01 -5.362745e+01 9.402080e-03
         vertex -3.727523e+01 1.466901e+01 1.887991e-03
      endloop
   endfacet
   facet normal -4.572742e-01 -1.493990e-03 -8.893245e-01
      outer loop
         vertex -3.736768e+01 -5.362745e+01 9.402080e-03
         vertex -3.831746e+01 -5.457722e+01 4.993527e-01
         vertex -3.787011e+01 1.169459e+01 1.580029e-01
      endloop
   endfacet
   facet normal 0.000000e+00 -2.588181e-01 -9.659261e-01
      outer loop
         vertex 4.270000e+01 -4.265977e+01 1.273397e+01
         vertex 3.870000e+01 -4.265977e+01 1.273397e+01
         vertex 3.870000e+01 -4.215977e+01 1.260000e+01
      endloop
   endfacet
   facet normal 0.000000e+00 -2.588181e-01 -9.659261e-01
      outer loop
         vertex 4.270000e+01 -4.215977e+01 1.260000e+01
         vertex 4.270000e+01 -4.265977e+01 1.273397e+01
         vertex 3.870000e+01 -4.215977e+01 1.260000e+01
      endloop
   endfacet
   facet normal 0.000000e+00 -7.071086e-01 -7.071049e-01
      outer loop
         vertex 4.270000e+01 -4.302579e+01 1.310000e+01
         vertex 3.870000e+01 -4.302579e+01 1.310000e+01
         vertex 3.870000e+01 -4.265977e+01 1.273397e+01
      endloop
   endfacet
   facet normal 0.000000e+00 -7.071086e-01 -7.071049e-01
      outer loop
         vertex 4.270000e+01 -4.265977e+01 1.273397e+01
         vertex 4.270000e+01 -4.302579e+01 1.310000e+01
         vertex 3.870000e+01 -4.265977e+01 1.273397e+01
      endloop
   endfacet
   facet normal 0.000000e+00 -9.659252e-01 -2.588215e-01
      outer loop
         vertex 4.270000e+01 -4.315977e+01 1.360000e+01
         vertex 3.870000e+01 -4.315977e+01 1.360000e+01
         vertex 3.870000e+01 -4.302579e+01 1.310000e+01
      endloop
   endfacet
   facet normal 0.000000e+00 -9.659252e-01 -2.588215e-01
      outer loop
         vertex 4.270000e+01 -4.302579e+01 1.310000e+01
         vertex 4.270000e+01 -4.315977e+01 1.360000e+01
         vertex 3.870000e+01 -4.302579e+01 1.310000e+01
      endloop
   endfacet
   facet normal 0.000000e+00 2.588181e-01 -9.659261e-01
      outer loop
         vertex 3.870000e+01 -3.415977e+01 1.260000e+01
         vertex 4.270000e+01 -3.365977e+01 1.273397e+01
         vertex 4.270000e+01 -3.415977e+01 1.260000e+01
      endloop
   endfacet
   facet normal 8.518581e-03 7.070830e-01 -7.070793e-01
      outer loop
         vertex 3.870000e+01 -3.345266e+01 1.289289e+01
         vertex 4.270000e+01 -3.329374e+01 1.310000e+01
         vertex 4.270000e+01 -3.365977e+01 1.273397e+01
      endloop
   endfacet
   facet normal 0.000000e+00 9.659252e-01 -2.588215e-01
      outer loop
         vertex 3.870000e+01 -3.315977e+01 1.360000e+01
         vertex 4.270000e+01 -3.315977e+01 1.360000e+01
         vertex 4.270000e+01 -3.329374e+01 1.310000e+01
      endloop
   endfacet
   facet normal -1.688844e-02 9.237483e-01 -3.826277e-01
      outer loop
         vertex 4.270000e+01 -3.329374e+01 1.310000e+01
         vertex 3.870000e+01 -3.345266e+01 1.289289e+01
         vertex 3.870000e+01 -3.315977e+01 1.360000e+01
      endloop
   endfacet
   facet normal -1.688888e-02 3.826276e-01 -9.237483e-01
      outer loop
         vertex 4.270000e+01 -3.365977e+01 1.273397e+01
         vertex 3.870000e+01 -3.415977e+01 1.260000e+01
         vertex 3.870000e+01 -3.345266e+01 1.289289e+01
      endloop
   endfacet
   facet normal 0.000000e+00 2.588181e-01 -9.659261e-01
      outer loop
         vertex -4.270000e+01 -1.265977e+01 1.293397e+01
         vertex -3.870000e+01 -1.265977e+01 1.293397e+01
         vertex -3.870000e+01 -1.315977e+01 1.280000e+01
      endloop
   endfacet
   facet normal 0.000000e+00 2.588181e-01 -9.659261e-01
      outer loop
         vertex -4.270000e+01 -1.315977e+01 1.280000e+01
         vertex -4.270000e+01 -1.265977e+01 1.293397e+01
         vertex -3.870000e+01 -1.315977e+01 1.280000e+01
      endloop
   endfacet
   facet normal 0.000000e+00 7.071068e-01 -7.071068e-01
      outer loop
         vertex -4.270000e+01 -1.229374e+01 1.330000e+01
         vertex -3.870000e+01 -1.229374e+01 1.330000e+01
         vertex -3.870000e+01 -1.265977e+01 1.293397e+01
      endloop
   endfacet
   facet normal 0.000000e+00 7.071068e-01 -7.071068e-01
      outer loop
         vertex -4.270000e+01 -1.265977e+01 1.293397e+01
         vertex -4.270000e+01 -1.229374e+01 1.330000e+01
         vertex -3.870000e+01 -1.265977e+01 1.293397e+01
      endloop
   endfacet
   facet normal 0.000000e+00 9.659261e-01 -2.588181e-01
      outer loop
         vertex -4.270000e+01 -1.215977e+01 1.380000e+01
         vertex -3.870000e+01 -1.215977e+01 1.380000e+01
         vertex -3.870000e+01 -1.229374e+01 1.330000e+01
      endloop
   endfacet
   facet normal 0.000000e+00 9.659261e-01 -2.588181e-01
      outer loop
         vertex -4.270000e+01 -1.229374e+01 1.330000e+01
         vertex -4.270000e+01 -1.215977e+01 1.380000e+01
         vertex -3.870000e+01 -1.229374e+01 1.330000e+01
      endloop
   endfacet
   facet normal 0.000000e+00 -2.588181e-01 -9.659261e-01
      outer loop
         vertex -3.870000e+01 -2.315977e+01 1.280000e+01
         vertex -4.270000e+01 -2.365977e+01 1.293397e+01
         vertex -4.270000e+01 -2.315977e+01 1.280000e+01
      endloop
   endfacet
   facet normal -8.518243e-03 -7.070811e-01 -7.070811e-01
      outer loop
         vertex -3.870000e+01 -2.386687e+01 1.309289e+01
         vertex -4.270000e+01 -2.402579e+01 1.330000e+01
         vertex -4.270000e+01 -2.365977e+01 1.293397e+01
      endloop
   endfacet
   facet normal 0.000000e+00 -9.659261e-01 -2.588181e-01
      outer loop
         vertex -3.870000e+01 -2.415977e+01 1.380000e+01
         vertex -4.270000e+01 -2.415977e+01 1.380000e+01
         vertex -4.270000e+01 -2.402579e+01 1.330000e+01
      endloop
   endfacet
   facet normal 1.688894e-02 -9.237481e-01 -3.826281e-01
      outer loop
         vertex -4.270000e+01 -2.402579e+01 1.330000e+01
         vertex -3.870000e+01 -2.386687e+01 1.309289e+01
         vertex -3.870000e+01 -2.415977e+01 1.380000e+01
      endloop
   endfacet
   facet normal 1.688902e-02 -3.826287e-01 -9.237478e-01
      outer loop
         vertex -4.270000e+01 -2.365977e+01 1.293397e+01
         vertex -3.870000e+01 -2.315977e+01 1.280000e+01
         vertex -3.870000e+01 -2.386687e+01 1.309289e+01
      endloop
   endfacet
   facet normal 0.000000e+00 2.588198e-01 -9.659256e-01
      outer loop
         vertex -4.270000e+01 -3.165977e+01 1.063398e+01
         vertex -3.870000e+01 -3.165977e+01 1.063398e+01
         vertex -3.870000e+01 -3.215977e+01 1.050000e+01
      endloop
   endfacet
   facet normal 0.000000e+00 2.588198e-01 -9.659256e-01
      outer loop
         vertex -4.270000e+01 -3.215977e+01 1.050000e+01
         vertex -4.270000e+01 -3.165977e+01 1.063398e+01
         vertex -3.870000e+01 -3.215977e+01 1.050000e+01
      endloop
   endfacet
   facet normal 0.000000e+00 7.071059e-01 -7.071077e-01
      outer loop
         vertex -4.270000e+01 -3.129374e+01 1.100000e+01
         vertex -3.870000e+01 -3.129374e+01 1.100000e+01
         vertex -3.870000e+01 -3.165977e+01 1.063398e+01
      endloop
   endfacet
   facet normal 0.000000e+00 7.071059e-01 -7.071077e-01
      outer loop
         vertex -4.270000e+01 -3.165977e+01 1.063398e+01
         vertex -4.270000e+01 -3.129374e+01 1.100000e+01
         vertex -3.870000e+01 -3.165977e+01 1.063398e+01
      endloop
   endfacet
   facet normal 0.000000e+00 9.659261e-01 -2.588181e-01
      outer loop
         vertex -4.270000e+01 -3.115977e+01 1.150000e+01
         vertex -3.870000e+01 -3.115977e+01 1.150000e+01
         vertex -3.870000e+01 -3.129374e+01 1.100000e+01
      endloop
   endfacet
   facet normal 0.000000e+00 9.659261e-01 -2.588181e-01
      outer loop
         vertex -4.270000e+01 -3.129374e+01 1.100000e+01
         vertex -4.270000e+01 -3.115977e+01 1.150000e+01
         vertex -3.870000e+01 -3.129374e+01 1.100000e+01
      endloop
   endfacet
   facet normal -1.688880e-02 3.826287e-01 9.237478e-01
      outer loop
         vertex -3.870000e+01 -3.165977e+01 1.596603e+01
         vertex -4.270000e+01 -3.145266e+01 1.580711e+01
         vertex -4.270000e+01 -3.215977e+01 1.610000e+01
      endloop
   endfacet
   facet normal -1.688894e-02 9.237481e-01 3.826281e-01
      outer loop
         vertex -3.870000e+01 -3.129374e+01 1.560000e+01
         vertex -4.270000e+01 -3.115977e+01 1.510000e+01
         vertex -4.270000e+01 -3.145266e+01 1.580711e+01
      endloop
   endfacet
   facet normal 0.000000e+00 9.659261e-01 2.588181e-01
      outer loop
         vertex -3.870000e+01 -3.129374e+01 1.560000e+01
         vertex -3.870000e+01 -3.115977e+01 1.510000e+01
         vertex -4.270000e+01 -3.115977e+01 1.510000e+01
      endloop
   endfacet
   facet normal 8.518328e-03 7.070802e-01 7.070820e-01
      outer loop
         vertex -4.270000e+01 -3.145266e+01 1.580711e+01
         vertex -3.870000e+01 -3.165977e+01 1.596603e+01
         vertex -3.870000e+01 -3.129374e+01 1.560000e+01
      endloop
   endfacet
   facet normal 0.000000e+00 2.588198e-01 9.659256e-01
      outer loop
         vertex -4.270000e+01 -3.215977e+01 1.610000e+01
         vertex -3.870000e+01 -3.215977e+01 1.610000e+01
         vertex -3.870000e+01 -3.165977e+01 1.596603e+01
      endloop
   endfacet
   facet normal 0.000000e+00 -2.588198e-01 9.659256e-01
      outer loop
         vertex -4.270000e+01 -4.465977e+01 1.596603e+01
         vertex -3.870000e+01 -4.465977e+01 1.596603e+01
         vertex -3.870000e+01 -4.415977e+01 1.610000e+01
      endloop
   endfacet
   facet normal 0.000000e+00 -2.588198e-01 9.659256e-01
      outer loop
         vertex -4.270000e+01 -4.415977e+01 1.610000e+01
         vertex -4.270000e+01 -4.465977e+01 1.596603e+01
         vertex -3.870000e+01 -4.415977e+01 1.610000e+01
      endloop
   endfacet
   facet normal 0.000000e+00 -7.071077e-01 7.071059e-01
      outer loop
         vertex -4.270000e+01 -4.502579e+01 1.560000e+01
         vertex -3.870000e+01 -4.502579e+01 1.560000e+01
         vertex -3.870000e+01 -4.465977e+01 1.596603e+01
      endloop
   endfacet
   facet normal 0.000000e+00 -7.071077e-01 7.071059e-01
      outer loop
         vertex -4.270000e+01 -4.465977e+01 1.596603e+01
         vertex -4.270000e+01 -4.502579e+01 1.560000e+01
         vertex -3.870000e+01 -4.465977e+01 1.596603e+01
      endloop
   endfacet
   facet normal 0.000000e+00 -9.659252e-01 2.588215e-01
      outer loop
         vertex -4.270000e+01 -4.515977e+01 1.510000e+01
         vertex -3.870000e+01 -4.515977e+01 1.510000e+01
         vertex -3.870000e+01 -4.502579e+01 1.560000e+01
      endloop
   endfacet
   facet normal 0.000000e+00 -9.659252e-01 2.588215e-01
      outer loop
         vertex -4.270000e+01 -4.502579e+01 1.560000e+01
         vertex -4.270000e+01 -4.515977e+01 1.510000e+01
         vertex -3.870000e+01 -4.502579e+01 1.560000e+01
      endloop
   endfacet
   facet normal -0.000000e+00 -9.659252e-01 -2.588215e-01
      outer loop
         vertex -4.270000e+01 -4.502579e+01 1.100000e+01
         vertex -3.870000e+01 -4.502579e+01 1.100000e+01
         vertex -3.870000e+01 -4.515977e+01 1.150000e+01
      endloop
   endfacet
   facet normal 0.000000e+00 -9.659252e-01 -2.588215e-01
      outer loop
         vertex -4.270000e+01 -4.515977e+01 1.150000e+01
         vertex -4.270000e+01 -4.502579e+01 1.100000e+01
         vertex -3.870000e+01 -4.515977e+01 1.150000e+01
      endloop
   endfacet
   facet normal -0.000000e+00 -7.071077e-01 -7.071059e-01
      outer loop
         vertex -4.270000e+01 -4.465977e+01 1.063398e+01
         vertex -3.870000e+01 -4.465977e+01 1.063398e+01
         vertex -3.870000e+01 -4.502579e+01 1.100000e+01
      endloop
   endfacet
   facet normal 0.000000e+00 -7.071077e-01 -7.071059e-01
      outer loop
         vertex -4.270000e+01 -4.502579e+01 1.100000e+01
         vertex -4.270000e+01 -4.465977e+01 1.063398e+01
         vertex -3.870000e+01 -4.502579e+01 1.100000e+01
      endloop
   endfacet
   facet normal -0.000000e+00 -2.588198e-01 -9.659256e-01
      outer loop
         vertex -4.270000e+01 -4.415977e+01 1.050000e+01
         vertex -3.870000e+01 -4.415977e+01 1.050000e+01
         vertex -3.870000e+01 -4.465977e+01 1.063398e+01
      endloop
   endfacet
   facet normal 0.000000e+00 -2.588198e-01 -9.659256e-01
      outer loop
         vertex -4.270000e+01 -4.465977e+01 1.063398e+01
         vertex -4.270000e+01 -4.415977e+01 1.050000e+01
         vertex -3.870000e+01 -4.465977e+01 1.063398e+01
      endloop
   endfacet
   facet normal 0.000000e+00 -9.659252e-01 2.588215e-01
      outer loop
         vertex 4.270000e+01 -4.502579e+01 7.300000e+00
         vertex 3.870000e+01 -4.502579e+01 7.300000e+00
         vertex 3.870000e+01 -4.515977e+01 6.800000e+00
      endloop
   endfacet
   facet normal 0.000000e+00 -9.659252e-01 2.588215e-01
      outer loop
         vertex 4.270000e+01 -4.515977e+01 6.800000e+00
         vertex 4.270000e+01 -4.502579e+01 7.300000e+00
         vertex 3.870000e+01 -4.515977e+01 6.800000e+00
      endloop
   endfacet
   facet normal 0.000000e+00 -7.071082e-01 7.071054e-01
      outer loop
         vertex 4.270000e+01 -4.465977e+01 7.666026e+00
         vertex 3.870000e+01 -4.465977e+01 7.666026e+00
         vertex 3.870000e+01 -4.502579e+01 7.300000e+00
      endloop
   endfacet
   facet normal 0.000000e+00 -7.071082e-01 7.071054e-01
      outer loop
         vertex 4.270000e+01 -4.502579e+01 7.300000e+00
         vertex 4.270000e+01 -4.465977e+01 7.666026e+00
         vertex 3.870000e+01 -4.502579e+01 7.300000e+00
      endloop
   endfacet
   facet normal 0.000000e+00 -2.588190e-01 9.659258e-01
      outer loop
         vertex 4.270000e+01 -4.415977e+01 7.800000e+00
         vertex 3.870000e+01 -4.415977e+01 7.800000e+00
         vertex 3.870000e+01 -4.465977e+01 7.666026e+00
      endloop
   endfacet
   facet normal 0.000000e+00 -2.588190e-01 9.659258e-01
      outer loop
         vertex 4.270000e+01 -4.465977e+01 7.666026e+00
         vertex 4.270000e+01 -4.415977e+01 7.800000e+00
         vertex 3.870000e+01 -4.465977e+01 7.666026e+00
      endloop
   endfacet
   facet normal -0.000000e+00 2.588190e-01 9.659258e-01
      outer loop
         vertex 4.270000e+01 -3.165977e+01 7.666026e+00
         vertex 3.870000e+01 -3.165977e+01 7.666026e+00
         vertex 3.870000e+01 -3.215977e+01 7.800000e+00
      endloop
   endfacet
   facet normal 0.000000e+00 2.588190e-01 9.659258e-01
      outer loop
         vertex 4.270000e+01 -3.215977e+01 7.800000e+00
         vertex 4.270000e+01 -3.165977e+01 7.666026e+00
         vertex 3.870000e+01 -3.215977e+01 7.800000e+00
      endloop
   endfacet
   facet normal -0.000000e+00 7.071063e-01 7.071072e-01
      outer loop
         vertex 4.270000e+01 -3.129374e+01 7.300000e+00
         vertex 3.870000e+01 -3.129374e+01 7.300000e+00
         vertex 3.870000e+01 -3.165977e+01 7.666026e+00
      endloop
   endfacet
   facet normal 0.000000e+00 7.071063e-01 7.071072e-01
      outer loop
         vertex 4.270000e+01 -3.165977e+01 7.666026e+00
         vertex 4.270000e+01 -3.129374e+01 7.300000e+00
         vertex 3.870000e+01 -3.165977e+01 7.666026e+00
      endloop
   endfacet
   facet normal -0.000000e+00 9.659261e-01 2.588181e-01
      outer loop
         vertex 4.270000e+01 -3.115977e+01 6.800000e+00
         vertex 3.870000e+01 -3.115977e+01 6.800000e+00
         vertex 3.870000e+01 -3.129374e+01 7.300000e+00
      endloop
   endfacet
   facet normal 0.000000e+00 9.659261e-01 2.588181e-01
      outer loop
         vertex 4.270000e+01 -3.129374e+01 7.300000e+00
         vertex 4.270000e+01 -3.115977e+01 6.800000e+00
         vertex 3.870000e+01 -3.129374e+01 7.300000e+00
      endloop
   endfacet
   facet normal 0.000000e+00 9.238798e-01 -3.826827e-01
      outer loop
         vertex 4.270000e+01 -3.145266e+01 2.892893e+00
         vertex 3.870000e+01 -3.145266e+01 2.892893e+00
         vertex 3.870000e+01 -3.115977e+01 3.600000e+00
      endloop
   endfacet
   facet normal 0.000000e+00 9.238798e-01 -3.826827e-01
      outer loop
         vertex 4.270000e+01 -3.115977e+01 3.600000e+00
         vertex 4.270000e+01 -3.145266e+01 2.892893e+00
         vertex 3.870000e+01 -3.115977e+01 3.600000e+00
      endloop
   endfacet
   facet normal 0.000000e+00 3.826833e-01 -9.238796e-01
      outer loop
         vertex 4.270000e+01 -3.215977e+01 2.600000e+00
         vertex 3.870000e+01 -3.215977e+01 2.600000e+00
         vertex 3.870000e+01 -3.145266e+01 2.892893e+00
      endloop
   endfacet
   facet normal 0.000000e+00 3.826833e-01 -9.238796e-01
      outer loop
         vertex 4.270000e+01 -3.145266e+01 2.892893e+00
         vertex 4.270000e+01 -3.215977e+01 2.600000e+00
         vertex 3.870000e+01 -3.145266e+01 2.892893e+00
      endloop
   endfacet
   facet normal 0.000000e+00 -2.588194e-01 -9.659257e-01
      outer loop
         vertex 4.270000e+01 -4.465977e+01 2.733975e+00
         vertex 3.870000e+01 -4.465977e+01 2.733975e+00
         vertex 3.870000e+01 -4.415977e+01 2.600000e+00
      endloop
   endfacet
   facet normal 0.000000e+00 -2.588194e-01 -9.659257e-01
      outer loop
         vertex 4.270000e+01 -4.415977e+01 2.600000e+00
         vertex 4.270000e+01 -4.465977e+01 2.733975e+00
         vertex 3.870000e+01 -4.415977e+01 2.600000e+00
      endloop
   endfacet
   facet normal 0.000000e+00 -7.071079e-01 -7.071056e-01
      outer loop
         vertex 4.270000e+01 -4.502579e+01 3.100000e+00
         vertex 3.870000e+01 -4.502579e+01 3.100000e+00
         vertex 3.870000e+01 -4.465977e+01 2.733975e+00
      endloop
   endfacet
   facet normal 0.000000e+00 -7.071079e-01 -7.071056e-01
      outer loop
         vertex 4.270000e+01 -4.465977e+01 2.733975e+00
         vertex 4.270000e+01 -4.502579e+01 3.100000e+00
         vertex 3.870000e+01 -4.465977e+01 2.733975e+00
      endloop
   endfacet
   facet normal 0.000000e+00 -9.659252e-01 -2.588215e-01
      outer loop
         vertex 4.270000e+01 -4.515977e+01 3.600000e+00
         vertex 3.870000e+01 -4.515977e+01 3.600000e+00
         vertex 3.870000e+01 -4.502579e+01 3.100000e+00
      endloop
   endfacet
   facet normal 0.000000e+00 -9.659252e-01 -2.588215e-01
      outer loop
         vertex 4.270000e+01 -4.502579e+01 3.100000e+00
         vertex 4.270000e+01 -4.515977e+01 3.600000e+00
         vertex 3.870000e+01 -4.502579e+01 3.100000e+00
      endloop
   endfacet
endsolid
